UNI,,,,,,,CAKE,,,,,,,AERO,,,,,,
,DATE,PRICE,SPOT_VOLUME,DAU,CAPITAL_EFFICIENCY,TVL,,DATE,PRICE,SPOT_VOLUME,DAU,CAPITAL_EFFICIENCY,TVL,,DATE,PRICE,SPOT_VOLUME,DAU,CAPITAL_EFFICIENCY,TVL
,12/01/2024,13.05324054,2380246635,100229,0.2843476433,8370903333,,12/01/2024,3.041160178,620240326.6,46322,0.4466991,1388496925,,12/01/2024,1.581164751,849227203.9,30236,0.7559979319,1192549043
,12/02/2024,13.94282828,4277802281,107254,0.5151044525,8304727828,,12/02/2024,3.22087806,1052130132,48540,0.7884476524,1334432449,,12/02/2024,1.591905903,1239173545,29326,1.083539755,1204126522
,12/03/2024,15.14170221,4046764354,110135,0.4885800087,8282705559,,12/03/2024,3.509800948,1092427453,53326,0.7871529859,1387821011,,12/03/2024,1.616072966,1073696593,29459,0.9794336333,1159614579
,12/04/2024,15.63441085,4395107568,114159,0.5185442289,8475858613,,12/04/2024,3.958418389,1629575025,58037,1.096874212,1485653513,,12/04/2024,1.761194134,1379881658,32306,1.272947534,1145134027
,12/05/2024,15.1209754,5490031932,113168,0.6420332904,8551008202,,12/05/2024,3.986843266,1309067541,53551,0.9059660697,1444941025,,12/05/2024,1.805793988,1463991305,32805,1.305875044,1187591803
,12/06/2024,17.62191828,4247007414,107128,0.4880500339,8701991843,,12/06/2024,4.041835252,817331185.9,47955,0.5389402222,1516552583,,12/06/2024,2.111976192,1248071846,30529,1.111700883,1190477133
,12/07/2024,18.18697305,2181844530,98680,0.2474746064,8816438024,,12/07/2024,4.14131687,630743354.1,45912,0.4242601979,1486689907,,12/07/2024,2.18636531,619553361.4,26608,0.5277285673,1244342919
,12/08/2024,18.71193223,2036034838,97262,0.2301711151,8845744339,,12/08/2024,4.205518783,596525065.1,46181,0.396603524,1504084127,,12/08/2024,2.205155171,574032712.5,24031,0.485986093,1257191649
,12/09/2024,16.07371737,4935031683,107968,0.5734320138,8606132138,,12/09/2024,3.379130935,1226639875,54888,0.8070775196,1519853849,,12/09/2024,2.019952059,1554508057,29662,1.293228737,1285132752
,12/10/2024,15.23317738,4377228126,103148,0.532492159,8220267758,,12/10/2024,3.292631319,1244146278,52978,0.8838591017,1407629650,,12/10/2024,1.858690058,2054449094,27639,1.725375498,1248263699
,12/11/2024,17.05852024,3003409767,96713,0.362176815,8292661603,,12/11/2024,3.509897868,777524723,47937,0.5628366934,1381439292,,12/11/2024,2.181331282,1182541145,25089,1.06274693,1166572509
,12/12/2024,17.62895603,3586517004,102439,0.408955471,8769945039,,12/12/2024,3.513829499,953153798.9,49978,0.6698600683,1422914791,,12/12/2024,2.163103304,1397910649,28514,1.20475644,1240903607
,12/13/2024,17.42325111,2681514083,96744,0.3057302136,8770850780,,12/13/2024,3.471861552,651039503.8,47291,0.4596478282,1416387643,,12/13/2024,2.11433678,1140795992,26224,0.9712496471,1248880331
,12/14/2024,16.77232042,1978975568,96134,0.2266112086,8732911225,,12/14/2024,3.219451242,555538534.4,45445,0.4034507117,1376967541,,12/14/2024,2.005879784,794909035.5,25585,0.6564674574,1289581650
,12/15/2024,17.12742847,2038453671,94226,0.2334506477,8731839863,,12/15/2024,3.367880633,490692914,44467,0.3449617799,1422455885,,12/15/2024,2.07903407,774315908.1,25276,0.6641057946,1246437301
,12/16/2024,16.28534629,3581112431,101841,0.3987480091,8980891061,,12/16/2024,3.263493197,979128334.4,46089,0.6707069701,1459845175,,12/16/2024,2.001206961,1263227695,28176,1.059027193,1281453787
,12/17/2024,16.25472694,2964147417,95869,0.3360724633,8819965157,,12/17/2024,3.099624265,838671042.2,46796,0.5611076871,1494670384,,12/17/2024,1.858031676,1109999643,26618,0.9080086028,1303831598
,12/18/2024,14.79427435,4149396120,100411,0.4804076476,8637239937,,12/18/2024,2.808169414,1094073098,50294,0.7721610927,1416897470,,12/18/2024,1.670137681,1400111175,26952,1.25527265,1194211574
,12/19/2024,12.82468763,4440495447,107782,0.5414111477,8201706718,,12/19/2024,2.510695725,1028513840,54380,0.734902709,1399523811,,12/19/2024,1.563568283,1403083135,30049,1.297168922,1144513416
,12/20/2024,13.69444618,4541869498,107826,0.5796221933,7835913721,,12/20/2024,2.524495867,1063376931,54860,0.8199381325,1296898983,,12/20/2024,1.640363268,1549660190,45665,1.549286171,1076914042
,12/21/2024,13.37369253,2333492586,95249,0.2903533742,8036733144,,12/21/2024,2.350496437,641417742.2,48080,0.4880626674,1314211852,,12/21/2024,1.568937871,1191855932,36358,1.126637716,1124609480
,12/22/2024,13.85149518,1952489163,87652,0.2478853947,7876580082,,12/22/2024,2.324090991,534006659.5,43355,0.3977367632,1342613278,,12/22/2024,1.467945643,986160614.3,23474,0.9406956719,1110819708
,12/23/2024,14.25697132,2759238076,91520,0.3569460916,7730125475,,12/23/2024,2.511092397,709854581.9,46594,0.5588722658,1270155321,,12/23/2024,1.545326178,1296644387,24418,1.268080577,1089217802
,12/24/2024,14.629907,2103513453,89014,0.2624580875,8014664258,,12/24/2024,2.615897299,521080271.4,45033,0.3960226638,1315783966,,12/24/2024,1.65558439,997569482.3,25452,0.94274869,1128347155
,12/25/2024,13.89072719,1633075529,84433,0.2014833612,8105262486,,12/25/2024,2.55900421,456302593,43084,0.3422796727,1333127934,,12/25/2024,1.628758587,846892466.5,22091,0.7895100563,1143886367
,12/26/2024,13.23337225,2048886488,87085,0.2592451758,7903277203,,12/26/2024,2.43136464,559524551.7,44003,0.42280677,1323357598,,12/26/2024,1.521569189,946831222.5,28316,0.8951627869,1130507934
,12/27/2024,13.2869163,2273040868,91156,0.2871407065,7916122014,,12/27/2024,2.450097044,535232416.8,45515,0.4041615155,1324303271,,12/27/2024,1.528516456,1074713324,27626,1.036078037,1110352487
,12/28/2024,13.56437527,1519894488,88031,0.1926461527,7889565745,,12/28/2024,2.609043171,418806474.2,44532,0.3108228932,1347411929,,12/28/2024,1.549557101,597315521.9,26854,0.5767350803,1122295370
,12/29/2024,13.00812291,1561345447,88782,0.1992446833,7836321757,,12/29/2024,2.517142194,389175079.9,43357,0.2918869031,1333307784,,12/29/2024,1.478722514,617842942.4,28874,0.5780745744,1141894688
,12/30/2024,13.31283096,2874517292,94939,0.3656551048,7861280355,,12/30/2024,2.519325476,611011256.6,45506,0.4601516497,1327847584,,12/30/2024,1.411876531,1069618445,27489,1.028706818,1114863866
,12/31/2024,13.22263539,2536742879,95725,0.3225574696,7864467942,,12/31/2024,2.506276787,592216804,43421,0.4429308455,1337041234,,12/31/2024,1.315911005,996282444.5,29308,0.9853067974,1077946025
,01/01/2025,13.58919557,1740591885,85875,0.2201317666,7907045458,,01/01/2025,2.598400274,380583032.1,41508,0.290455393,1310297696,,01/01/2025,1.381242757,673759795.7,27735,0.6659774492,1083600684
,01/02/2025,14.32950001,2500762556,94279,0.3056616853,8181472118,,01/02/2025,2.667050226,591301354.2,47193,0.4302937068,1374180809,,01/02/2025,1.50011193,1207689481,40582,1.164505406,1103650112
,01/03/2025,15.1767352,2180884754,97425,0.2634094014,8279449187,,01/03/2025,2.800955757,531883019.4,46482,0.3923191285,1355740724,,01/03/2025,1.582030048,905367045.3,33247,0.8577193577,1132588253
,01/04/2025,15.28787091,1708638972,94527,0.2025746037,8434615891,,01/04/2025,2.849707979,414628301.3,44798,0.2911868327,1423925311,,01/04/2025,1.547420718,715270595.3,29403,0.657524902,1160208938
,01/05/2025,15.16587771,1528843626,90840,0.1801131327,8488240716,,01/05/2025,2.821292123,351398108.4,43683,0.2556906624,1374309508,,01/05/2025,1.48127156,566836530.3,27826,0.5088705814,1189814006
,01/06/2025,15.06926382,2653950831,97709,0.3070844251,8642414313,,01/06/2025,2.785471241,591026796.7,47719,0.4141432332,1427107217,,01/06/2025,1.487511642,1018587614,32579,0.9512679376,1133461521
,01/07/2025,13.55182784,2981048014,101760,0.3546387421,8405872398,,01/07/2025,2.51141155,684946609.8,50326,0.5027069372,1362516725,,01/07/2025,1.347580235,1049443057,30538,0.9567878959,1173721485
,01/08/2025,13.08980661,2769935344,101351,0.354048192,7823611043,,01/08/2025,2.312014199,668233467.3,48807,0.5052997906,1322449523,,01/08/2025,1.291827948,1386059715,29530,1.37735375,1060732463
,01/09/2025,12.88357182,2721635963,98739,0.3505671863,7763521715,,01/09/2025,2.302030958,581876670.7,46625,0.4301417446,1352755639,,01/09/2025,1.158455459,1255246227,31169,1.326163349,1017986707
,01/10/2025,13.93114569,2506781747,96572,0.3228140705,7765404225,,01/10/2025,2.344569287,654533563.8,45299,0.5031987056,1300745722,,01/10/2025,1.151300086,1225839218,31791,1.320030265,997344839
,01/11/2025,13.64594972,1182533805,86012,0.1522483025,7767139509,,01/11/2025,2.329679139,324733717.4,40757,0.2515410745,1290976903,,01/11/2025,1.125935371,557111042.5,23915,0.6010371271,998101623
,01/12/2025,13.62765232,1087865596,85319,0.1382884658,7866640137,,01/12/2025,2.293010865,397613187.3,39319,0.2941356112,1351802271,,01/12/2025,1.083425033,487688294.1,23050,0.5401341995,979055130.2
,01/13/2025,12.89452008,3361163680,108508,0.4471297434,7517199939,,01/13/2025,2.260168259,658180381,49144,0.5179491145,1270743327,,01/13/2025,1.061734691,1261437289,27520,1.471769422,921387473.9
,01/14/2025,13.31467853,2115237722,95115,0.2761732061,7659098258,,01/14/2025,2.321756076,464327406.4,43088,0.3617941947,1283402037,,01/14/2025,1.170616945,873644349.4,27593,1.004279544,916920723.7
,01/15/2025,14.56497965,2647779963,104856,0.3395298061,7798372679,,01/15/2025,2.480225836,597145396.6,45742,0.4601196929,1297804475,,01/15/2025,1.272927301,1078752606,36979,1.249632552,924781534.9
,01/16/2025,14.13736256,2443356324,98677,0.3023134515,8082195190,,01/16/2025,2.450975893,585812185.4,43987,0.4426025595,1323562580,,01/16/2025,1.31390251,1095612658,33101,1.182864717,988772580.7
,01/17/2025,14.9990647,2723424975,100879,0.3356718235,8113355918,,01/17/2025,2.537851798,687841591.7,45656,0.5082705259,1353298208,,01/17/2025,1.347309255,1123506562,31798,1.219648078,984879589.3
,01/18/2025,14.20318618,3638995952,106177,0.4418851693,8235161995,,01/18/2025,2.397313328,742322481.9,47731,0.5622036499,1320380047,,01/18/2025,1.203017497,1278949078,31339,1.416873367,967048982.9
,01/19/2025,13.27508075,5880057525,112013,0.7302080748,8052578064,,01/19/2025,2.161462189,1184240002,53693,0.8859099463,1336749866,,01/19/2025,1.1411544,1645964468,32564,1.951132726,906685690.8
,01/20/2025,13.4694168,7397852444,105053,0.9323548388,7934588996,,01/20/2025,2.144969946,1293618311,52991,1.003046693,1289689025,,01/20/2025,1.126864012,1691021470,31327,2.044987942,881131855
,01/21/2025,13.48798476,4324288423,99060,0.5552373656,7788179779,,01/21/2025,2.221596606,795008889.9,46848,0.6243068078,1273426591,,01/21/2025,1.099622297,1054078670,28864,1.232269429,904766568.6
,01/22/2025,12.86682995,2739506458,95414,0.3457803906,7922677320,,01/22/2025,2.152264967,503988769,44164,0.3928316419,1282963782,,01/22/2025,1.040761237,829160449,30455,0.9570184912,916457565.5
,01/23/2025,12.79797159,4970387046,99110,0.6411801512,7751935297,,01/23/2025,2.155996158,841389931.2,45621,0.658380061,1277969946,,01/23/2025,1.050101724,1184094688,31803,1.426751786,864490216.1
,01/24/2025,12.46533278,3069217705,96246,0.384677069,7978686417,,01/24/2025,2.0976495,542984430.1,41237,0.4258770948,1274979182,,01/24/2025,1.042371753,876012372.6,50608,1.024531739,893135785.5
,01/25/2025,12.08535193,1622833584,90089,0.2052775858,7905556649,,01/25/2025,2.109022234,323214868.2,41296,0.250488849,1290336354,,01/25/2025,1.00175305,521617428.2,34116,0.6112755076,900462633.4
,01/26/2025,11.41405254,2043557861,101535,0.2595908382,7872226444,,01/26/2025,1.991799482,339284676.3,42408,0.2664331519,1273432656,,01/26/2025,0.9522999167,487515647.1,39376,0.595768111,875890394.2
,01/27/2025,10.98379175,3834586222,112022,0.5157499577,7434971473,,01/27/2025,1.953782411,799633653.3,49998,0.6452637502,1239235356,,01/27/2025,0.9621581124,1076012624,34505,1.349089163,852856218.3
,01/28/2025,11.14360897,2471896722,98636,0.3265481656,7569776782,,01/28/2025,1.877863582,494960294,43530,0.3935542861,1257667141,,01/28/2025,0.9922400136,1002408173,38588,1.375604106,775183552.3
,01/29/2025,11.72764903,2346263763,99654,0.3137401727,7478365755,,01/29/2025,1.938819459,516606499.6,43071,0.4174528731,1237520527,,01/29/2025,0.9911228848,717568316.6,26224,1.028324014,750100660.5
,01/30/2025,11.97173036,2266775515,97719,0.2936686399,7718820492,,01/30/2025,2.000382342,407998287.2,42382,0.3250256684,1255280204,,01/30/2025,1.066326162,690925295.2,27074,0.9406390923,785337521.8
,01/31/2025,11.75569099,3394931356,114451,0.431970216,7859179245,,01/31/2025,2.018432693,533091288.5,42948,0.4244865239,1255849735,,01/31/2025,1.144086153,917516545.1,29570,1.276844736,773777527.1
,02/01/2025,10.89784356,2261071806,108316,0.2840095014,7961254095,,02/01/2025,1.86642858,367470043.8,41860,0.2915843192,1260253106,,02/01/2025,1.017293776,725109154.2,25801,0.9881207049,791018495.5
,02/02/2025,9.141561601,3715678185,120341,0.4719022858,7873829597,,02/02/2025,1.636476744,703878506,48441,0.5857944206,1201579396,,02/02/2025,0.8557962364,980975287.9,27545,1.473481588,716346743.3
,02/03/2025,9.943346603,7447487506,142883,1.100089513,6769892283,,02/03/2025,1.54052792,1344486801,58003,1.236147606,1087642604,,02/03/2025,1.008512961,1202856353,31566,2.437632185,640528478.9
,02/04/2025,9.099730987,3953385766,127146,0.5664412564,6979339378,,02/04/2025,1.46037243,736719089.7,45631,0.6447967452,1142560187,,02/04/2025,0.9086203513,897633914.1,23388,1.466012026,676646486.9
,02/05/2025,9.26271094,2551000721,113853,0.3751051144,6800762302,,02/05/2025,1.430671719,467130663.4,40805,0.410166376,1138880929,,02/05/2025,0.896374559,760564507.1,20841,1.30586432,648108726.4
,02/06/2025,8.964217971,2771480904,118027,0.410389955,6753286405,,02/06/2025,1.366041012,599689767.8,45480,0.5322212673,1126767765,,02/06/2025,0.8905055117,760373648.8,23470,1.282447844,664764403
,02/07/2025,9.019818868,2627001203,120111,0.392282364,6696709933,,02/07/2025,1.401990617,577860051.4,44183,0.4918442719,1174884175,,02/07/2025,0.8409825286,759241812.7,22205,1.2980652,653877268.4
,02/08/2025,9.135823849,1408229731,105383,0.2163164767,6510043765,,02/08/2025,1.711304009,873430141.2,47746,0.7584106566,1151658582,,02/08/2025,0.8347057868,459759422.6,17883,0.7745623859,651884851.7
,02/09/2025,9.119590389,1645979872,111399,0.2493952453,6599884734,,02/09/2025,1.733953747,1572888776,50398,1.241022444,1267413643,,02/09/2025,0.8024348363,533201782.7,17620,0.9196381296,636565400.3
,02/10/2025,9.451570461,1860285396,112557,0.2797267925,6650365450,,02/10/2025,1.822772284,732206767,46494,0.6065373378,1207191580,,02/10/2025,0.8173324805,613291839.4,22112,1.075588871,639252092.8
,02/11/2025,9.365895546,1981120164,119768,0.2930525554,6760289673,,02/11/2025,1.96240083,764926305.5,47089,0.6237923449,1226251511,,02/11/2025,0.7832435627,672722878.3,28941,1.134771011,660559712
,02/12/2025,9.952039749,2750602017,121304,0.4201857101,6546157928,,02/12/2025,2.681931834,1035152425,51107,0.8322541361,1243793669,,02/12/2025,0.8254655773,762162619.4,45990,1.37174326,630445793.2
,02/13/2025,9.870079588,2113779331,110402,0.3145154431,6720748940,,02/13/2025,2.664210249,1629804103,52597,1.257043402,1296537654,,02/13/2025,0.8027604512,644554849.8,31734,1.046198703,678695737.5
,02/14/2025,10.05329709,1992186566,111057,0.2946600638,6760965636,,02/14/2025,2.459814774,1617812286,45880,1.240400499,1304266071,,02/14/2025,0.8548421783,597645644.8,23015,0.965689475,670191418
,02/15/2025,9.803936751,895036323.6,95385,0.1320843213,6776249557,,02/15/2025,2.623626471,724022693.3,41318,0.548146469,1320856257,,02/15/2025,0.8367638137,336796727.2,19215,0.5136914042,696905170.2
,02/16/2025,9.584697332,1022245781,98614,0.1490437704,6858695120,,02/16/2025,2.799693443,683344145.3,42651,0.5290487075,1291646942,,02/16/2025,0.8184947625,379170091.3,16611,0.6012997111,682628761.1
,02/17/2025,9.889602344,2201904220,108176,0.3248042955,6779172106,,02/17/2025,2.656069509,807150684.5,43724,0.6051620902,1333776021,,02/17/2025,0.8153054019,693775938.7,20660,1.115701517,672765202.4
,02/18/2025,9.611226343,2341967088,115613,0.3493512965,6703759543,,02/18/2025,2.547540019,934703429.4,45092,0.7021981394,1331110661,,02/18/2025,0.7527886294,667684881.4,26229,1.421624546,665572331.1
,02/19/2025,9.445752944,1478020647,110389,0.2212589672,6680048568,,02/19/2025,2.676588605,897905015.7,44844,0.699502185,1283634326,,02/19/2025,0.7390522626,548572923.2,23004,0.9014055215,664234848
,02/20/2025,9.34050318,1572624932,114929,0.2315736991,6791034294,,02/20/2025,2.50952371,708307076.1,45420,0.5398197067,1312117856,,02/20/2025,0.7797925345,578069257.1,25732,0.967216642,650078297.9
,02/21/2025,8.736098012,3228814247,120240,0.4700346858,6869310595,,02/21/2025,2.426589178,896427629.8,46719,0.6787256252,1320751120,,02/21/2025,0.7562136555,912693571.3,26962,1.55915992,633611153.1
,02/22/2025,9.045923433,1508608656,102975,0.2211656153,6821171792,,02/22/2025,2.536253505,580471672.7,42831,0.4343086316,1336541875,,02/22/2025,0.7943187777,530437822.6,20007,0.8775551822,644379581.6
,02/23/2025,9.031426782,1722891504,101711,0.2500063971,6891389677,,02/23/2025,2.491308642,457965197.2,39988,0.3445279182,1329254243,,02/23/2025,0.7853648332,576765488.7,21077,0.9453783135,665963765.6
,02/24/2025,7.952188745,3410706575,122505,0.5232687132,6518078549,,02/24/2025,2.170297897,775344486.7,46110,0.6003221885,1291547275,,02/24/2025,0.6790940406,910204859.8,22289,1.590951165,630190016.1
,02/25/2025,8.324013616,3755540759,134786,0.6122397481,6134101503,,02/25/2025,2.17850343,967554556.9,49225,0.7873391333,1228891739,,02/25/2025,0.6636057037,780204492.9,22208,1.533689892,574992635.7
,02/26/2025,7.863950652,2691458920,121073,0.4451835065,6045729190,,02/26/2025,2.08824,672508142.1,44342,0.5534779214,1215058661,,02/26/2025,0.6136597868,649344287.5,20422,1.327719381,567851756.4
,02/27/2025,7.863994997,1956463852,113637,0.331415447,5903357461,,02/27/2025,2.067973619,604685966.7,41688,0.5029765458,1202215037,,02/27/2025,0.6122077265,556771830.4,20211,1.121281886,549159099.3
,02/28/2025,7.501069293,3771669695,129027,0.6587300707,5725668013,,02/28/2025,1.996746919,786580714.4,46618,0.659481993,1192725082,,02/28/2025,0.6014940304,663668501.4,20986,1.457878756,536199985
,03/01/2025,7.493618795,1444251124,104667,0.2520171782,5730764601,,03/01/2025,1.986651596,437085245.7,39176,0.3585364965,1219081600,,03/01/2025,0.613358117,420944047.5,15907,0.8582238088,532562920.5
,03/02/2025,8.254707919,3449628149,128915,0.5786482396,5961528807,,03/02/2025,2.111571386,904345010.6,45635,0.7439582824,1215585648,,03/02/2025,0.7241687377,789039214,18722,1.785712825,525109953.3
,03/03/2025,7.14903441,3182270455,129324,0.5262980117,6046518102,,03/03/2025,1.730544656,797844410.2,45952,0.6718024553,1187617586,,03/03/2025,0.5987438239,710864414.1,19166,1.450667519,567895988.4
,03/04/2025,7.066250678,3510760539,135135,0.6297695897,5574674605,,03/04/2025,1.759561486,762009380.6,47620,0.6732149643,1131896082,,03/04/2025,0.5850595729,720342294.1,20419,1.723985792,513225567.6
,03/05/2025,7.531892353,1968127846,117374,0.3382940415,5817802282,,03/05/2025,1.790003831,498522962.5,40492,0.4166913694,1196384181,,03/05/2025,0.6291102427,513255004.8,15840,1.072478955,523091318.4
,03/06/2025,7.109074458,1846347541,116080,0.3134267135,5890842933,,03/06/2025,1.744507203,486773182.6,40613,0.4075770189,1194309689,,03/06/2025,0.5924814034,569906980.1,19372,1.172162655,534003176.5
,03/07/2025,7.070102314,3002120108,117607,0.5230566087,5739570169,,03/07/2025,1.730462494,660223289.8,42328,0.5769631274,1144307597,,03/07/2025,0.5808532165,705943757,18055,1.60995316,524844013.4
,03/08/2025,7.151434783,1317642950,103428,0.2306615156,5712452494,,03/08/2025,1.686321804,294828511.9,36963,0.2510235196,1174505530,,03/08/2025,0.6053565973,378810156.9,16631,0.7969402534,514974208.4
,03/09/2025,6.393628837,2041685996,116653,0.3641402394,5606867288,,03/09/2025,1.522176811,401537007.8,41957,0.3621479,1108765252,,03/09/2025,0.5523293311,442924740.9,16689,1.020286062,510407239.2
,03/10/2025,5.933083348,3664435098,134469,0.6866068907,5337020568,,03/10/2025,1.487747856,646101253.8,46177,0.6098073755,1059516955,,03/10/2025,0.5113067035,666750084.5,20919,1.812928983,474192613.2
,03/11/2025,6.113733136,2882424487,138707,0.5685222794,5070029077,,03/11/2025,1.523513848,703380488.2,46551,0.6389544557,1100830399,,03/11/2025,0.5302799396,624816384.6,20920,1.863168238,455513846.7
,03/12/2025,5.915138718,2181614791,121417,0.4291291718,5083818427,,03/12/2025,1.560836312,512414530.3,41478,0.4709028163,1088153463,,03/12/2025,0.5281909865,523527466.8,18843,1.364685461,481400841.7
,03/13/2025,5.889487838,1571392687,113312,0.3113806556,5046532784,,03/13/2025,1.600089171,511701363.6,41570,0.4669316753,1095880598,,03/13/2025,0.5171864254,443026337,20229,1.00399643,482054089.9
,03/14/2025,6.031803275,1262083056,110814,0.2453007604,5145043389,,03/14/2025,1.626907038,366420740.9,37804,0.331082007,1106737102,,03/14/2025,0.5318218304,369403250.2,19939,0.8516014578,481452444.7
,03/15/2025,6.27843672,677715468.9,95773,0.1297655545,5222614519,,03/15/2025,1.868045684,353676691.7,38153,0.3101171454,1140461587,,03/15/2025,0.5423335073,236953343.5,17120,0.4885824827,518744084.8
,03/16/2025,6.145117114,941824399.5,101998,0.1814828196,5189606385,,03/16/2025,1.78001546,454894706,39073,0.402134566,1131200211,,03/16/2025,0.5099702243,311862649.4,16298,0.6663928705,513567379
,03/17/2025,6.294938978,1226427104,110524,0.2347596499,5224181856,,03/17/2025,2.521460061,927512619.8,44329,0.7778817535,1192356827,,03/17/2025,0.5223072178,348008664.3,17418,0.7683859924,491242314
,03/18/2025,6.357344229,1167490861,110352,0.2243207604,5204560019,,03/18/2025,2.597573925,911518268.6,42871,0.7366077901,1237454017,,03/18/2025,0.5106348129,377440982,19377,0.7846321687,513300054.4
,03/19/2025,6.994178216,1927827920,124450,0.3594920879,5362643531,,03/19/2025,2.448245395,970632472.8,44158,0.7773476236,1248646607,,03/19/2025,0.5395739113,515330329.3,19574,1.140266792,501090838.7
,03/20/2025,6.893078835,1394691368,119022,0.2558234232,5451773537,,03/20/2025,2.376397406,693324152.9,41125,0.5496398006,1261415480,,03/20/2025,0.5068849028,403119099,20564,0.7940048171,539162066.1
,03/21/2025,6.78588556,1098021346,108690,0.2049132616,5358468931,,03/21/2025,2.684569222,619999379.3,40310,0.5021884211,1234595130,,03/21/2025,0.5045715296,322272581.1,20290,0.633750225,542628313.1
,03/22/2025,6.733898331,628382695,95999,0.1174245701,5351373180,,03/22/2025,2.732695775,370744699.1,37870,0.2988691806,1240491570,,03/22/2025,0.5053771052,176356566.5,15619,0.7130358267,527436534.5
,03/23/2025,6.670897733,701083134.8,111804,0.1299363067,5395590753,,03/23/2025,2.607269588,342481217.6,36482,0.2809678636,1218933771,,03/23/2025,0.5253470284,244427812.4,13827,0.5010448534,517783695.6
,03/24/2025,7.063238587,1372973023,120931,0.2497729815,5496883669,,03/24/2025,2.617230611,528780205.4,41709,0.4205603319,1257323065,,03/24/2025,0.5352412426,441827817.8,20104,0.9085304205,525135222
,03/25/2025,6.962940731,1417387599,126155,0.2558855276,5539147182,,03/25/2025,2.59653495,537577512,39608,0.4190648019,1282802826,,03/25/2025,0.5313616022,404779827.5,18141,0.7776783506,548673004.7
,03/26/2025,6.717403985,1269131585,121630,0.2288749998,5545086123,,03/26/2025,2.271828944,405758271,40490,0.3254709794,1246680339,,03/26/2025,0.5110319371,358179934.5,19085,0.6980794012,549224049.3
,03/27/2025,6.728213446,1247591369,119568,0.2265518571,5506868867,,03/27/2025,2.358100338,629197759.7,41576,0.5008536082,1256250827,,03/27/2025,0.5101495332,326753498.8,18548,0.638058642,543189804.6
,03/28/2025,6.175917011,1682781155,115939,0.3163120002,5320004153,,03/28/2025,2.14421409,464574556.7,40482,0.3721798146,1248252964,,03/28/2025,0.4992803989,425463270.4,17523,1.400337329,541073052.5
,03/29/2025,5.957923588,1049755578,101105,0.2025093348,5183739205,,03/29/2025,2.000316142,364244409.7,38868,0.300999846,1210114937,,03/29/2025,0.4713467183,338089513.9,15660,0.7240392941,517536736
,03/30/2025,5.864340432,829824905.9,98026,0.1623972713,5109845132,,03/30/2025,1.975638967,302359140.8,36015,0.2474002594,1222145610,,03/30/2025,0.4621453679,290159934.5,13512,0.6240294405,506201291.2
,03/31/2025,5.97088112,1256094337,102397,0.2472696217,5079857077,,03/31/2025,1.964756675,412518750.3,39331,0.3384850441,1218720760,,03/31/2025,0.4368293871,420586611,16837,0.8947807341,506474453.2
,04/01/2025,6.269322999,1330476554,114210,0.2574793202,5167314223,,04/01/2025,1.910222016,420903604,40425,0.3354872891,1254603729,,04/01/2025,0.4557992367,409971815.3,17088,0.9056420601,496382304.6
,04/02/2025,5.842595881,2168179351,117932,0.4147773708,5227332790,,04/02/2025,1.807150584,567060757.2,42657,0.4265478169,1329418965,,04/02/2025,0.4018789277,617610003.1,19894,1.404087882,497938402.4
,04/03/2025,5.860500163,1553544973,119071,0.3073005421,5055457965,,04/03/2025,1.82324599,466774591.5,42451,0.3571689364,1306873426,,04/03/2025,0.3812631514,397532206,19263,0.8769417607,493577073.9
,04/04/2025,5.905059989,1741217413,101355,0.3457397986,5036207633,,04/04/2025,1.821105384,469887046.7,38768,0.3783845567,1241824061,,04/04/2025,0.3612644295,418980643.5,14986,0.969677627,469718671.1
,04/05/2025,5.872287707,823850406.1,82852,0.1626870376,5064019961,,04/05/2025,1.802190991,191728441.3,34662,0.1523051271,1258844302,,04/05/2025,0.3720002757,175310325,11948,0.3978784245,477322514
,04/06/2025,5.088929088,2103654057,115007,0.4283657329,4910883143,,04/06/2025,1.618598475,441520686.6,43029,0.3591580022,1229321591,,04/06/2025,0.3196756029,348380553.9,16600,0.8938486091,461704678.1
,04/07/2025,5.12181725,2964172973,131701,0.6676916638,4439433850,,04/07/2025,1.702615984,786491689.8,47793,0.6935133624,1134068545,,04/07/2025,0.3291698655,586909761.3,18374,1.705346366,410060608.1
,04/08/2025,4.76322012,1687779137,114749,0.373744236,4515866665,,04/08/2025,1.681673555,397038791.7,40304,0.3430786074,1157282276,,04/08/2025,0.3112373382,405314501.5,15176,1.082959283,427258632.8
,04/09/2025,5.401757091,2659638201,130417,0.596714178,4457139279,,04/09/2025,1.925690136,609835352.9,45354,0.5014111609,1216238091,,04/09/2025,0.3854774522,589340102.8,17288,2.039869085,392280168.8
,04/10/2025,5.025300803,2156834229,120696,0.46979522,4591009310,,04/10/2025,1.88370113,418218794.1,40147,0.3221455618,1298229259,,04/10/2025,0.3567352789,397213259.7,17366,1.026272603,437459516.9
,04/11/2025,5.232915454,1655967776,111319,0.3568307634,4640765163,,04/11/2025,1.998641045,349565246.3,40297,0.2635702468,1326269754,,04/11/2025,0.4011581264,391511363.5,16425,1.091920295,411478404.9
,04/12/2025,5.503853715,1242482836,112747,0.2623322441,4736294773,,04/12/2025,2.020899172,397049797.6,43007,0.2958368306,1342124295,,04/12/2025,0.457824521,335855258.6,16937,0.861594796,422364471.1
,04/13/2025,5.329060674,1506404739,111706,0.3167211744,4756248905,,04/13/2025,1.877197505,483922559.1,42563,0.3784429286,1278720046,,04/13/2025,0.4205340506,404897496.3,14982,1.092174262,430834355.9
,04/14/2025,5.342164239,1689553243,112052,0.3535182629,4779253068,,04/14/2025,1.828902319,507744309.1,41432,0.398911846,1272823342,,04/14/2025,0.4357444033,462249201.4,15690,1.141982006,432224663.2
,04/15/2025,5.181840391,1393018648,111309,0.2924746312,4762870004,,04/15/2025,1.819312941,444979145.8,39758,0.3448915118,1290200340,,04/15/2025,0.3908674161,356977819.7,14708,0.8905091915,424489164.1
,04/16/2025,5.153838467,1603210618,110003,0.3354333705,4779520343,,04/16/2025,1.786809727,496106945.1,39753,0.3607351018,1375266622,,04/16/2025,0.3859267417,381767413,14013,0.9343373564,431512815.2
,04/17/2025,5.186793173,1343378041,111689,0.2768453147,4852449976,,04/17/2025,1.806184702,366855889.1,38522,0.2854284185,1285281581,,04/17/2025,0.392320008,312742442,15290,0.7742261631,424728530
,04/18/2025,5.176921404,753647548.1,106998,0.1523785683,4945889416,,04/18/2025,1.867364019,252935564.1,39611,0.1954742236,1293958659,,04/18/2025,0.3855587964,137099485.7,13159,0.3383983381,428015431.6
,04/19/2025,5.322729011,715829826.1,107638,0.1426656936,5017533002,,04/19/2025,1.956734806,180245279.1,36545,0.1409455716,1278828963,,04/19/2025,0.4085489685,137310142.6,12167,0.3413194154,419792584.9
,04/20/2025,5.248018997,801993612,103534,0.160332443,5002066937,,04/20/2025,1.946430633,234187346.4,38513,0.1780965645,1314945895,,04/20/2025,0.4009767334,153413298.6,10948,0.3686431679,439007965.8
,04/21/2025,5.271876239,1517991870,120095,0.2981574409,5091242619,,04/21/2025,1.921444554,424269586.2,41781,0.3202525265,1324796999,,04/21/2025,0.3958125327,351184343.4,14310,0.8393854892,446054843.2
,04/22/2025,5.815067849,2287792689,167365,0.4451433496,5139451575,,04/22/2025,2.017509419,568315075.1,44882,0.3985914665,1425808435,,04/22/2025,0.4556192109,524679887.5,22647,1.294245493,438318855.2
,04/23/2025,6.029068009,2418221492,170329,0.4452593213,5431040690,,04/23/2025,2.011716309,655787118.5,48549,0.4679664874,1401354875,,04/23/2025,0.5238567571,565319335.3,38365,1.355020353,472772501.8
,04/24/2025,5.819001352,1510544364,131925,0.2790093674,5413955732,,04/24/2025,2.030422862,423469825.3,41839,0.3065298462,1381496224,,04/24/2025,0.5964641347,407372223.1,29688,0.9388321609,454128043
,04/25/2025,5.837832414,1773042387,135701,0.3164241859,5603371883,,04/25/2025,2.074793086,487667396.7,42407,0.3516034822,1386981135,,04/25/2025,0.6167859724,487406473,24827,1.104958552,460640389.9
,04/26/2025,5.819266349,1433354600,121117,0.25836168,5547860658,,04/26/2025,2.112654721,349429657.7,40068,0.2487986247,1404467803,,04/26/2025,0.639527311,321559085.6,20565,0.7429532687,483748569.1
,04/27/2025,5.51041453,1116375858,120499,0.1996183349,5592551698,,04/27/2025,2.013905142,340574100.4,38511,0.242482492,1404530684,,04/27/2025,0.5937726435,277887066.7,19230,0.6104150427,485720165.8
,04/28/2025,5.433931734,1747124461,127136,0.3138159756,5567353470,,04/28/2025,2.081950812,484058302,43735,0.3488904861,1387421903,,04/28/2025,0.6164758611,478459148.5,21648,1.132112624,462667717.5
,04/29/2025,5.275928077,1537809389,129827,0.2734946534,5622813353,,04/29/2025,2.025092174,460732576.4,34924,0.3246522794,1419157066,,04/29/2025,0.6121470157,429303229.9,22149,1.008480625,469370956.3
,04/30/2025,5.273501269,1714907808,123025,0.3055468908,5612584711,,04/30/2025,2.036266835,502382656.9,34702,0.3366048223,1492499880,,04/30/2025,0.6072061833,404230345,19314,0.9125090989,468721246.3
,05/01/2025,5.316044305,1687975481,126387,0.296467423,5693628876,,05/01/2025,2.079714197,490784261,37057,0.3511092255,1397810782,,05/01/2025,0.7056727988,419128924.7,21719,0.9066338321,514282471
,05/02/2025,5.248534874,1362363877,112489,0.2369763663,5748944074,,05/02/2025,2.057735868,468799915.3,39227,0.3298352116,1421315550,,05/02/2025,0.6736846552,355285451.8,18477,0.7864661399,485052905.2
,05/03/2025,5.100760396,898638203.8,103470,0.1567617707,5732508632,,05/03/2025,1.989637138,364411905.6,35932,0.2612070507,1395107462,,05/03/2025,0.6366472024,204802928.5,16073,0.4333311156,496604697
,05/04/2025,4.989226257,1118365997,103601,0.1954155215,5723015182,,05/04/2025,1.923269353,370916162.2,36050,0.2630049995,1410300804,,05/04/2025,0.6271971005,259799495.1,14906,0.5366138633,508822360
,05/05/2025,4.978159108,1460267928,117233,0.257203273,5677485791,,05/05/2025,1.978021599,549116135.5,38526,0.392062419,1400583450,,05/05/2025,0.5997808714,328612886.7,16295,0.7431105836,466806515.8
,05/06/2025,4.968504808,1569196938,124702,0.2816233608,5571970072,,05/06/2025,1.996047431,662547875,40211,0.4755887911,1393110787,,05/06/2025,0.6109405403,378756154.5,17368,0.8162294918,490703247.8
,05/07/2025,4.875910459,1680151970,121123,0.2981113323,5635988263,,05/07/2025,2.031995003,846823656.4,39660,0.6060947448,1397180331,,05/07/2025,0.6126775033,435967890.5,18499,0.9608824723,480669477.8
,05/08/2025,6.087067415,3213895093,149166,0.5396795563,5955191476,,05/08/2025,2.234380978,1211629169,51608,0.788826062,1535990287,,05/08/2025,0.7347602409,762176581.9,25185,1.996011327,450973031.3
,05/09/2025,6.352573197,3441296590,151188,0.5320136414,6468436751,,05/09/2025,2.424838294,1677923595,57759,1.132053543,1482194553,,05/09/2025,0.7407541418,877755258.8,26846,2.266717146,501497912.4
,05/10/2025,7.44712922,2540465678,142745,0.3841209664,6613712606,,05/10/2025,2.481984301,1649843897,54980,1.097600978,1503136322,,05/10/2025,0.7792179766,703831074.6,22837,1.571096983,517883599.4
,05/11/2025,6.917663864,2482445787,134664,0.3625543904,6847098953,,05/11/2025,2.416542746,1666111039,50401,1.043503767,1596650718,,05/11/2025,0.7285772616,660543407.4,21347,1.295518278,538207891.1
,05/12/2025,6.888929657,3425189263,149490,0.500624463,6841833582,,05/12/2025,2.403703539,2354212860,55945,1.570234118,1499275066,,05/12/2025,0.7227259285,867288337.6,25546,1.782763032,514507374
,05/13/2025,7.091711653,3247917868,148528,0.471201541,6892842203,,05/13/2025,2.457250266,2037746463,52449,1.352936357,1506165794,,05/13/2025,0.7400927409,878183547,25827,1.816374128,513275867.8
,05/14/2025,6.601770808,2937755775,142103,0.4208918944,6979834524,,05/14/2025,2.381702796,2134513960,50073,1.409748323,1514109948,,05/14/2025,0.7230486594,725716848,22352,1.384506584,545492258.9
,05/15/2025,6.205349412,3217228991,137122,0.4709424812,6831469065,,05/15/2025,2.277309659,2479635734,51075,1.648390689,1504276717,,05/15/2025,0.6736825975,639467450.5,22062,1.246058121,538980698.3
,05/16/2025,6.098813214,2370733842,126832,0.3452080068,6867551723,,05/16/2025,2.25932834,2738726165,47733,1.818203107,1506281754,,05/16/2025,0.6525809059,518444119.5,19349,1.030132887,527529567.5
,05/17/2025,5.736702591,1681506262,116963,0.2543790201,6610239561,,05/17/2025,2.177067561,3351325790,45752,2.263977135,1480282525,,05/17/2025,0.6226072851,450734651.5,16120,0.8963473768,534245192.7
,05/18/2025,6.068307708,2652528825,139668,0.4000434791,6630601331,,05/18/2025,2.262769178,4249884316,49207,2.854975945,1488588485,,05/18/2025,0.6439516268,595273592.2,18040,1.243083052,522885420.7
,05/19/2025,5.927477389,4411703869,144969,0.6730736526,6554563310,,05/19/2025,2.221751769,3894651338,48299,2.653478403,1467753170,,05/19/2025,0.6245979863,696217875.8,19307,1.383505621,530454643.7
,05/20/2025,6.007868471,7530047875,187392,1.108827126,6791002579,,05/20/2025,2.32952853,4032392176,46921,2.563808554,1572813294,,05/20/2025,0.6296757458,638619647.6,20888,1.269976061,524118263.5
,05/21/2025,6.249271107,6885971429,197114,1.00685551,6839086008,,05/21/2025,2.385168986,5262036218,51708,3.339677633,1575612019,,05/21/2025,0.6475997223,771158101.5,22440,1.510961924,535095806
,05/22/2025,6.420548294,3337014468,157372,0.4774661062,6989008067,,05/22/2025,2.502562456,7173592371,52412,4.673862627,1534831668,,05/22/2025,0.6822696534,647461283.7,24792,1.305420493,520319081
,05/23/2025,5.975143124,4024932569,164774,0.5739592385,7012575631,,05/23/2025,2.313743566,7389960744,54123,4.88972741,1511323664,,05/23/2025,0.599314356,739198947.2,26956,1.534546458,528108877.5
,05/24/2025,6.119358493,1884895784,122307,0.2755559476,6840337872,,05/24/2025,2.354346844,7015557414,44880,4.37553986,1603358131,,05/24/2025,0.6001689748,296470392.4,16501,0.6161526958,511755411.2
,05/25/2025,6.151426573,2004008367,135747,0.2973427812,6739724297,,05/25/2025,2.345044468,7556776003,47679,5.103707575,1480644393,,05/25/2025,0.5918900807,352865307.4,20389,0.7264968308,507832373.3
,05/26/2025,6.497412242,2568385304,162013,0.375155615,6846186493,,05/26/2025,2.411382694,8714101566,47785,5.410137075,1610698850,,05/26/2025,0.5864673675,367180750.9,20575,0.7617849956,509172513.6
,05/27/2025,6.322808521,2995129375,163761,0.4324962391,6925214844,,05/27/2025,2.778586559,8959224191,52732,5.803132657,1543859967,,05/27/2025,0.5986514539,532302099.9,21885,1.099077779,516134655.4
,05/28/2025,6.779659892,3090687021,159670,0.4414495396,7001223797,,05/28/2025,2.715741686,9286323343,51384,5.638004456,1647094006,,05/28/2025,0.58418238,418089447.2,19717,0.8283351708,522091588.6
,05/29/2025,6.577030445,3623919004,163275,0.5156333012,7028093406,,05/29/2025,2.616284093,9964556286,51977,6.362620035,1566108966,,05/29/2025,0.5639810452,584563529.8,23040,1.195073053,516708511.7
,05/30/2025,6.191854546,3687933878,160157,0.5388432746,6844167966,,05/30/2025,2.287300499,10150069627,56118,6.611374988,1535243372,,05/30/2025,0.5162561962,574703593,22946,1.164263659,513716045.3
,05/31/2025,6.077677787,2358521412,143828,0.3563556098,6618448951,,05/31/2025,2.300337258,9757066747,50242,6.517525033,1497050905,,05/31/2025,0.5143070416,339285020.5,19867,0.7161035994,495965874.5
,06/01/2025,6.311936812,2409959034,139497,0.361188356,6672305443,,06/01/2025,2.381083216,10102580007,46171,6.715791524,1504302206,,06/01/2025,0.5395362393,323827758.8,18875,0.6759244243,495871977
,06/02/2025,6.461721865,3251439287,149606,0.4878251042,6665174175,,06/02/2025,2.417432231,10645002285,48843,7.004823581,1519667435,,06/02/2025,0.5434364017,422429779.4,22785,0.8728013794,501045903.8
,06/03/2025,6.637206482,3083837835,176144,0.4516749413,6827560161,,06/03/2025,2.381714098,10834420100,52897,7.007215328,1546180557,,06/03/2025,0.537518803,431568746.4,59020,0.8967373259,504306186.9
,06/04/2025,6.345303127,2833707675,194806,0.4158582213,6814119644,,06/04/2025,2.426182616,10327078183,52592,6.639982039,1555287066,,06/04/2025,0.536349788,391540890.4,97986,0.8148620827,500045127.7
,06/05/2025,5.915561571,4195134351,204310,0.620209557,6764059509,,06/05/2025,2.266963918,10805536913,57330,6.582382615,1641584445,,06/05/2025,0.4939336998,543780877.5,60174,1.140791769,507935733.4
,06/06/2025,6.001136961,4626237750,186317,0.7057340965,6555213604,,06/06/2025,2.31569394,10132623988,51197,6.679032995,1517079493,,06/06/2025,0.5029990664,398923435.9,92650,0.8959151626,474278409.6
,06/07/2025,6.35460341,10144471519,167503,1.52479546,6653004803,,06/07/2025,2.338269761,9567054932,46472,6.329864355,1511415474,,06/07/2025,0.5172896895,257095988.9,53557,0.5680611751,481154670.4
,06/08/2025,6.320961424,11265042943,183002,1.683336218,6692093251,,06/08/2025,2.294311887,9598854999,45542,6.198670489,1548534483,,06/08/2025,0.5062804387,261982467.4,36913,0.5654306729,503514594.3
,06/09/2025,6.866110477,3214815696,177759,0.4726526726,6801645018,,06/09/2025,2.46203599,11295560395,52206,6.851305822,1648672631,,06/09/2025,0.5542933047,554977945.2,68785,1.189868005,491548239.7
,06/10/2025,8.595584585,4116583794,169196,0.5786005089,7114725499,,06/10/2025,2.631871079,9929885209,56506,5.92979145,1674575791,,06/10/2025,0.6047008578,684321764.7,38208,1.377315071,518398157.9
,06/11/2025,8.161165783,3721252348,175011,0.507406621,7333866360,,06/11/2025,2.569660866,12181250639,54208,7.18768448,1694739199,,06/11/2025,0.5499361767,639731048.2,34341,1.333892192,522545169.2
,06/12/2025,7.533890617,3698568417,178110,0.5078452435,7282865134,,06/12/2025,2.541784462,12290076475,53225,7.10973426,1728626700,,06/12/2025,0.6763564999,661050378.3,45592,1.350293432,511742169.3
,06/13/2025,7.739267279,3664393529,174208,0.5395190391,6791963329,,06/13/2025,2.498898484,12888614807,57547,7.79350384,1653763836,,06/13/2025,0.7649258189,756572267.7,67729,1.587541537,509929999.6
,06/14/2025,7.314411687,1801308815,131354,0.2660105315,6771569549,,06/14/2025,2.382604395,12024065913,46829,7.412962265,1622032527,,06/14/2025,0.7067185991,343021298.3,42182,0.7051165729,502197777.3
,06/15/2025,7.182441183,1864284771,120413,0.2755598476,6765444193,,06/15/2025,2.31232972,9234887119,44875,5.845431898,1579846841,,06/15/2025,0.747309903,300885308.3,22616,0.6247753855,504978182.9
,06/16/2025,7.525248716,3172441088,152186,0.4530581129,7002282926,,06/16/2025,2.307765104,4095650053,51821,2.561731049,1598782220,,06/16/2025,0.79993602,606725368,26032,1.227385592,513644580.7
,06/17/2025,7.456818401,3266914599,213592,0.4741626626,6889860500,,06/17/2025,2.21548792,4308691040,51428,2.5292804,1703524465,,06/17/2025,0.7334920685,566324399.4,45089,1.12513605,524643157.6
,06/18/2025,7.557492271,3617746330,253771,0.5353635571,6757550606,,06/18/2025,2.226820654,8681795351,54070,5.428556108,1599282605,,06/18/2025,0.8562588332,523755638.8,40950,1.113773617,508554758.7
,06/19/2025,7.690286396,2659526469,183957,0.3938889822,6751969689,,06/19/2025,2.205955618,7708527889,51925,4.789165992,1609576261,,06/19/2025,0.8976884069,353074519.4,37924,0.6977642996,524439453.5
,06/20/2025,7.073481459,3045079535,230090,0.4480931184,6795640034,,06/20/2025,2.177741607,7741659722,54536,4.805061581,1611146828,,06/20/2025,0.8207700799,468512281.4,28317,0.9836420041,521918647.4
,06/21/2025,6.388992472,2565301736,189121,0.3891606152,6591884264,,06/21/2025,2.071529717,7191447991,55262,4.436414656,1621004471,,06/21/2025,0.7487328217,422713022.1,27797,1.09275252,512092711.8
,06/22/2025,6.260847861,3224508746,177861,0.5167037623,6240536611,,06/22/2025,2.016144838,7521106463,58469,4.730817841,1589811047,,06/22/2025,0.7836843688,612156781.2,27029,1.443254139,489378603.8
,06/23/2025,6.8309063,3361609463,196210,0.5305886794,6335622288,,06/23/2025,2.179540758,7723463549,58661,4.927395134,1567453662,,06/23/2025,0.8467376176,588798723.8,28086,1.301383695,488579845.7
,06/24/2025,7.046262437,2688999228,199694,0.4048111816,6642601168,,06/24/2025,2.203704117,7215921971,56355,4.394197774,1642147746,,06/24/2025,0.8610432973,549894715.1,29206,1.14998793,510217601.4
,06/25/2025,6.968391104,2526872199,155229,0.4225829026,5979589290,,06/25/2025,2.177718579,7180785018,54288,4.342312618,1653677579,,06/25/2025,0.7919153392,438081119.6,29621,0.8884181015,518342710.4
,06/26/2025,6.80297861,2485179635,203814,0.3749250343,6628470781,,06/26/2025,2.137058162,7064753053,53667,4.29035854,1646657963,,06/26/2025,0.78220581,449428233.1,27903,0.9326458379,508550244.8
,06/27/2025,6.918206202,1744243560,242815,0.2938002731,5936834372,,06/27/2025,2.15928818,6977169025,50595,4.216841345,1654596048,,06/27/2025,0.7613390784,343427775.9,27987,0.711577782,504280230.1
,06/28/2025,7.133332468,891212774.7,234785,0.1352073463,6591452305,,06/28/2025,2.217562885,6937056364,44860,4.123403321,1682361832,,06/28/2025,0.7563390418,133194383.3,24992,0.2738415391,510943708.9
,06/29/2025,7.402217802,1566043528,292735,0.2354436053,6651459174,,06/29/2025,2.309908656,7314384865,48270,4.307509025,1698054449,,06/29/2025,0.8088162445,234678045.4,22324,0.4702645178,522106557.3
,06/30/2025,7.136045787,2019169952,215235,0.298714805,6759524196,,06/30/2025,2.336966009,9839064722,51301,5.776443272,1703308465,,06/30/2025,0.8036070635,406342080.8,25571,0.8037507519,524029634.1
,07/01/2025,6.61640482,2069102382,219526,0.3096860418,6681290412,,07/01/2025,2.244289872,7131448681,49083,4.190628346,1701761190,,07/01/2025,0.747703684,362456056.2,36682,0.7268906428,519763140.5
,07/02/2025,7.360652276,2615389217,201596,0.386730716,6762817405,,07/02/2025,2.345701243,8323389791,52651,4.901014197,1698299465,,07/02/2025,0.7746801467,500938734.8,61039,1.03482042,512923151.4
,07/03/2025,7.463558603,2520419329,238456,0.3644647333,6915399758,,07/03/2025,2.313531949,7399210328,51262,4.403778558,1680195821,,07/03/2025,0.7762460394,489371159.9,72115,0.9721248072,527429291.3
,07/04/2025,6.930882101,1696818669,173554,0.2461996096,6892044516,,07/04/2025,2.232569554,7000008419,50132,4.12638027,1696404102,,07/04/2025,0.7495796688,370635027.5,28821,0.7338959472,533200532.5
,07/05/2025,7.225068426,926039494.3,165437,0.1354482017,6836853370,,07/05/2025,2.235828539,6378487691,43823,3.79732204,1679733145,,07/05/2025,0.7308670168,208769700.9,27084,0.4133604395,530174772.4
,07/06/2025,7.415806401,1444114993,202990,0.210425723,6862825380,,07/06/2025,2.271421597,6346842897,46265,3.721840369,1705296914,,07/06/2025,0.7025009092,295037896.6,23130,0.5988211076,524329497.7
,07/07/2025,7.386141832,1823596493,191476,0.2630603288,6932236801,,07/07/2025,2.252757443,6888897955,46825,4.02127561,1713112610,,07/07/2025,0.6728553338,418143575.6,22170,0.8454875376,523712866.1
,07/08/2025,7.651166868,1869543967,175693,0.2708960552,6901333301,,07/08/2025,2.292502379,6607018730,47366,3.636427618,1816898182,,07/08/2025,0.698899416,339093836.7,36736,0.6882350644,515151957.9
,07/09/2025,8.301628788,2921316552,189998,0.4132077861,7069848756,,07/09/2025,2.375468837,6698135281,53917,3.548185803,1887763396,,07/09/2025,0.7262477184,458274119.9,33810,0.9271241754,532243667.2
,07/10/2025,8.478426699,3666393669,200927,0.5071446078,7229483687,,07/10/2025,2.488439083,6331039455,57349,3.274740213,1933295175,,07/10/2025,0.7878858598,692793752.9,57581,1.438019173,539085909.5
,07/11/2025,8.725099187,3715776462,237201,0.5004104879,7425456803,,07/11/2025,2.474737008,6501972599,63728,3.254601673,1997778300,,07/11/2025,0.788659063,823885840.9,27860,1.50390947,572201884.3
,07/12/2025,8.39328545,2061090815,157050,0.28266082,7291745688,,07/12/2025,2.334280166,5682110554,58695,2.854056401,1990889371,,07/12/2025,0.7688500744,412607626.9,27116,0.7592937893,569891684.5
,07/13/2025,8.519797776,2270868314,174788,0.3097814242,7330550306,,07/13/2025,2.400535182,5570222085,52782,2.764203817,2015127123,,07/13/2025,0.8203205742,441428060.8,26129,0.8180318973,561191995.9
,07/14/2025,9.126250937,3560806705,231381,0.4796551723,7423680409,,07/14/2025,2.386706457,5822168454,55382,2.867965207,2030069417,,07/14/2025,0.8291537037,782447872,31067,1.412607881,579809510.6
,07/15/2025,9.331375986,3852131811,184997,0.525414298,7331608267,,07/15/2025,2.43166517,6084618994,56578,3.029376933,2008538102,,07/15/2025,0.8488416067,760738798.1,43595,1.443201746,564425316.4
,07/16/2025,8.909787261,3993666175,230440,0.5254725692,7600142062,,07/16/2025,2.499512567,5727066615,61039,2.804742649,2041922319,,07/16/2025,0.9356529065,720511892.4,45607,1.332282961,574751597.2
,07/17/2025,8.950380635,4236949415,186631,0.5396069189,7851918252,,07/17/2025,2.61216219,6137627826,61123,2.930878209,2094125851,,07/17/2025,0.9245620401,887564052.9,53955,1.570173768,592494864.6
,07/18/2025,10.13041819,4438356256,214315,0.5539225796,8012593132,,07/18/2025,2.636742674,6477733056,64573,2.999548411,2159569432,,07/18/2025,0.8986754595,793609355.2,70775,1.353860604,610656201.2
,07/19/2025,10.16133296,2421155802,172886,0.3042103645,7958820882,,07/19/2025,2.661019838,5864255451,52867,2.725046424,2151983687,,07/19/2025,0.8725558019,388198005,62358,0.6566784868,607550457.5
,07/20/2025,10.6674083,3715775904,179269,0.457134536,8128407746,,07/20/2025,2.70557749,6429884498,58406,2.95512456,2175842124,,07/20/2025,0.9386478437,612455293.4,22950,1.062103705,606313692.7
,07/21/2025,10.84908455,4017993792,204296,0.4884502604,8226003992,,07/21/2025,2.770562489,6590882050,59048,3.042683506,2166141184,,07/21/2025,0.9740316698,702015284.2,30017,1.203640077,605492701.7
,07/22/2025,10.7647281,4024920168,210126,0.4925044007,8172353714,,07/22/2025,2.751044557,5642786208,55850,2.598129017,2171865281,,07/22/2025,0.9760271813,761118583.2,48876,1.27454721,618787818.7
,07/23/2025,10.1733885,3738299874,205606,0.4628728224,8076300213,,07/23/2025,2.720739706,4751628583,61984,2.169534737,2190160177,,07/23/2025,0.9057157322,806121453.8,54015,1.386644368,602992496.1
,07/24/2025,10.16861045,3872849099,201599,0.4832430389,8014288438,,07/24/2025,2.649188199,4521439807,58180,2.068427841,2185930646,,07/24/2025,0.8876088716,855487273.8,50636,1.530878327,582668687.4
,07/25/2025,10.42478845,3714689483,179860,0.4663537396,7965390148,,07/25/2025,2.766828585,4252562199,54922,1.962381364,2167041675,,07/25/2025,0.8890347457,855858163,43569,1.506193973,584618388.4
,07/26/2025,10.54379253,2169484055,172901,0.2665100389,8140346474,,07/26/2025,2.79110345,3603721599,49160,1.643000794,2193377880,,07/26/2025,0.8892970239,415380988.4,39709,0.7320979845,587053318.2
,07/27/2025,10.97139286,2768750908,205713,0.336056367,8238947925,,07/27/2025,3.082863006,3878129447,54879,1.724022368,2249465853,,07/27/2025,0.8965613902,507435473,26791,0.8833768198,595316573.6
,07/28/2025,10.41829915,3421269815,205834,0.4111995428,8320217944,,07/28/2025,2.930120583,4238617314,58844,1.867958782,2269117154,,07/28/2025,0.8481162066,698691376.5,26919,1.198871981,604228323
,07/29/2025,10.27122427,3256792716,182679,0.4005230434,8131349169,,07/29/2025,2.844044697,3869594917,53457,1.74681492,2215228913,,07/29/2025,0.813540911,748342566.9,25827,1.312139514,588710290.9
,07/30/2025,10.03455456,3638115058,170656,0.4503408511,8078581031,,07/30/2025,2.792598379,3772542349,53102,1.702651516,2215686718,,07/30/2025,0.8161983062,704542020.3,28246,1.255331303,583333905.2
,07/31/2025,9.350624438,3497439363,174109,0.4313449681,8108218762,,07/31/2025,2.714151003,3526415926,52345,1.579108874,2233168329,,07/31/2025,0.7893825825,622721401.6,47372,1.140978269,569644920.9
,08/01/2025,9.060629024,4422097849,196091,0.5653060326,7822484804,,08/01/2025,2.580953904,3640869229,55865,1.672779673,2176538421,,08/01/2025,0.7652818858,822334640,42867,1.595767478,554814731.1
,08/02/2025,8.78833412,2751375221,182529,0.3647013776,7544186533,,08/02/2025,2.515967456,3020657447,50683,1.394538095,2166063056,,08/02/2025,0.7420490781,550509883.8,21246,1.072891143,545910927.1
,08/03/2025,9.147835091,2253736031,155236,0.2986224799,7547107746,,08/03/2025,2.587404699,2829275634,46258,1.306848286,2164961047,,08/03/2025,0.7764568588,369760164.4,19552,0.7576164149,523784461.2
,08/04/2025,9.941817508,3006906329,178398,0.3875183398,7759391029,,08/04/2025,2.67632582,3024585848,51092,1.370103258,2207560510,,08/04/2025,0.7878275566,616404137.3,25651,1.199011667,539446816.8
,08/05/2025,9.586835529,3106275638,199435,0.3985499435,7793943241,,08/05/2025,2.564993544,3161776799,52706,1.440823166,2194423905,,08/05/2025,0.7331911593,617076347.7,34193,1.155478446,555181499
,08/06/2025,9.70511183,2964605392,177880,0.3818571428,7763650486,,08/06/2025,2.691162032,3090188824,50642,1.391735445,2220385228,,08/06/2025,0.7609626199,581573098.8,43979,1.161657249,541814601
,08/07/2025,10.4231574,3652528122,200664,0.4582585063,7970453513,,08/07/2025,2.778003204,3168529122,55332,1.408326533,2249854028,,08/07/2025,0.8752033796,657434035.5,38525,1.226553245,561760794
,08/08/2025,10.88015418,3703963294,210857,0.4526922862,8182077333,,08/08/2025,2.787371458,3123396185,55450,1.366321518,2285989165,,08/08/2025,1.081245712,695475579.2,51430,1.226632458,590455222.9
,08/09/2025,10.96234851,3976324296,183311,0.4735464842,8396903848,,08/09/2025,2.863447349,3126755083,56940,1.348154622,2319285216,,08/09/2025,1.206704916,708714024.7,50308,1.248641938,603866490.7
,08/10/2025,10.94426152,3259011432,180474,0.3825789193,8518533740,,08/10/2025,2.81064923,3020974021,51993,1.313013256,2300794761,,08/10/2025,1.192000664,696088298.9,25756,1.145041599,634070356.7
,08/11/2025,11.1270867,4418804503,193313,0.5152958517,8575276685,,08/11/2025,2.751005388,3352743660,56656,1.425798811,2351484399,,08/11/2025,1.099868915,952790642.6,35554,1.596313528,623548516.9
,08/12/2025,11.57169635,4651874480,204858,0.5428877735,8568758972,,08/12/2025,2.857264101,3095701957,60189,1.305496977,2371282363,,08/12/2025,1.234236998,836655998.3,54017,1.47867382,606176001.9
,08/13/2025,12.15490613,4827736297,224657,0.5377224979,8978118483,,08/13/2025,2.9225035,3253835870,60441,1.350510705,2409337341,,08/13/2025,1.394917907,946196749.3,50191,1.55788369,648527719.5
,08/14/2025,10.89357333,5911328148,210853,0.6626168237,8921186328,,08/14/2025,2.719044218,3595287303,61596,1.493953176,2406559563,,08/14/2025,1.317825546,1138532426,46271,1.835934599,653381248.2
,08/15/2025,10.71233651,4203045788,221974,0.4866231201,8637168302,,08/15/2025,2.698476653,2994182302,54306,1.237418809,2419700009,,08/15/2025,1.368886235,899832586.2,30640,1.49285834,636356523.4
,08/16/2025,11.01595093,2303840141,260516,0.2698620024,8537104595,,08/16/2025,2.737596996,2486612449,47718,1.027381033,2420341013,,08/16/2025,1.371038938,507718804.7,42473,0.8522692964,626893068.3
,08/17/2025,11.05068765,3233021766,209925,0.3666215552,8818417031,,08/17/2025,2.771600425,2571247098,52654,1.059408517,2427059116,,08/17/2025,1.411130575,611023413.9,36052,1.010442957,641080999.6
,08/18/2025,10.48661384,4454654359,180238,0.5153440065,8644040297,,08/18/2025,2.679693361,2976477894,52052,1.227088657,2425642090,,08/18/2025,1.311680073,996286062.4,42562,1.597776277,665686234.5
,08/19/2025,9.938767396,4190265831,230500,0.5013456814,8358037151,,08/19/2025,2.551689086,2975040609,52786,1.219399265,2439759228,,08/19/2025,1.212707066,804652934.2,62747,1.304414675,639214702.8
,08/20/2025,10.59982695,4035032702,203478,0.4802643719,8401690690,,08/20/2025,2.680917027,3104984788,54608,1.27591355,2433538533,,08/20/2025,1.39681783,790055507,59415,1.348088771,610634176.2
,08/21/2025,10.21809882,3233955281,169521,0.3901938243,8288073976,,08/21/2025,2.622129509,2837163373,55316,0.777369148,3649698962,,08/21/2025,1.287222679,708651928.6,33086,1.158781631,644200541.6
,08/22/2025,11.42393515,5780003781,216982,0.6740611216,8574895652,,08/22/2025,2.845725959,3234247892,61553,1.330033657,2431703796,,08/22/2025,1.498469565,1140320320,35446,1.944606909,635046819.7
,08/23/2025,11.33321244,2561865433,201966,0.2826820122,9062711184,,08/23/2025,2.770869063,2600251428,51199,1.038538995,2503759070,,08/23/2025,1.487011462,591543953,47531,0.8953576184,688713326.9
,08/24/2025,10.92685598,4126524301,185480,0.4595968419,8978574099,,08/24/2025,2.70014677,2945714237,54823,1.19677803,2461370583,,08/24/2025,1.42747082,858450319.9,39072,1.379645566,675749293.3
,08/25/2025,9.709284722,5340942209,188212,0.6128588155,8714800332,,08/25/2025,2.554451773,3200169069,58387,1.291646263,2477589383,,08/25/2025,1.285010056,1002612270,40986,1.542055917,682182271
,08/26/2025,9.952367478,4088511256,170744,0.4840368386,8446694404,,08/26/2025,2.633605708,2757683841,53607,1.124861008,2451577415,,08/26/2025,1.339312492,863741964.3,63921,1.436809764,640770671.6
,08/27/2025,9.841192034,4456349068,163439,0.5105694954,8728192946,,08/27/2025,2.58817651,2954510745,51411,1.19990832,2462280405,,08/27/2025,1.268102582,821510854.3,51767,1.327642289,647529113.2
,08/28/2025,10.00471014,3142157813,163026,0.3614006313,8694389388,,08/28/2025,2.614518031,2621924125,54660,1.060558149,2472211568,,08/28/2025,1.213102682,598745097.3,54253,0.9990527874,627626499.8
,08/29/2025,9.635488911,4072163835,164736,0.4788368859,8504281844,,08/29/2025,2.491866408,2644979189,53957,1.070755164,2470199796,,08/29/2025,1.119952366,719979929.1,37823,1.200974572,641356088.5
,08/30/2025,9.720283039,2213681987,142365,0.2601456481,8509394651,,08/30/2025,2.498435092,2000757235,49091,0.8174087073,2447682802,,08/30/2025,1.129419154,402841767.6,69291,0.679806579,612995823.2
,08/31/2025,9.625060475,2638349724,213613,0.3048101046,8655716081,,08/31/2025,2.465090236,2095824115,46493,0.827330226,2533237696,,08/31/2025,1.144819791,398924327.3,43357,0.6666155186,625782765.2
,09/01/2025,9.325233639,4288943190,238793,0.5019933286,8543825079,,09/01/2025,2.384046624,2639086788,56587,1.041992521,2532731027,,09/01/2025,1.077374552,661463114.9,51510,1.134450221,611676779.4
,09/02/2025,9.577701561,3522253984,258602,0.4210020657,8366357961,,09/02/2025,2.403801955,2792468301,53847,1.09943621,2539909342,,09/02/2025,1.123098233,668914014.6,78931,1.166413075,596354048.4
,09/03/2025,9.67840967,3401488910,166766,0.4016595421,8468587331,,09/03/2025,2.391934496,2625793087,49114,1.027617043,2555225320,,09/03/2025,1.152280987,544882885,79485,0.9342665048,609946792
,09/04/2025,9.294523932,3289656320,182234,0.388753185,8462069114,,09/04/2025,2.345716079,3276313282,53573,1.280330041,2558959937,,09/04/2025,1.131796324,608712983.4,64235,1.034446493,614224550
,09/05/2025,9.405374241,3723985126,154166,0.4405927489,8452216100,,09/05/2025,2.376875958,2894807705,52255,1.126343417,2570093331,,09/05/2025,1.19177742,712675018.5,29409,1.24707545,611783421.1
,09/06/2025,9.336743556,1901190882,130187,0.2268107655,8382277965,,09/06/2025,2.40999547,2373459794,45816,0.9268047394,2560905975,,09/06/2025,1.146950806,343499060.5,55916,0.5947330588,612946787.9
,09/07/2025,9.393963704,2021208358,128546,0.2403590732,8409120282,,09/07/2025,2.413423904,2379212496,46335,0.9249054371,2572384592,,09/07/2025,1.135387191,330365234.3,34366,0.5704323227,611369103
,09/08/2025,9.546193396,2779217328,165729,0.3283852175,8463283909,,09/08/2025,2.453908126,2645263076,54622,1.012527667,2612534118,,09/08/2025,1.16466812,580426915.1,40896,0.991182942,618464384.6
,09/09/2025,9.543370162,3142963453,165970,0.3721525297,8445363667,,09/09/2025,2.419688868,2595688767,52299,0.9951331043,2608383497,,09/09/2025,1.146132429,676657807.3,92805,1.138323174,625447798.8
,09/10/2025,9.735865233,3105334634,193342,0.3650851727,8505781296,,09/10/2025,2.512422786,2487996894,55566,0.9432216847,2637764732,,09/10/2025,1.153028873,686282862.1,72855,1.184281542,618913187.1
,09/11/2025,9.986087139,3235865083,159888,0.3778799966,8563208194,,09/11/2025,2.53560431,2292815328,53591,0.8577397775,2673089657,,09/11/2025,1.262916559,702897857.2,69368,1.219600604,638885232.5
,09/12/2025,10.189054,3520188961,207742,0.4020890027,8754750659,,09/12/2025,2.607493295,2238605982,54665,0.826123766,2709770708,,09/12/2025,1.269945961,721480343.3,35542,1.215787628,652781576.1
,09/13/2025,10.12025619,2518730166,248495,0.2825891966,8913044787,,09/13/2025,2.598420296,2310917531,54969,0.8454103633,2733486164,,09/13/2025,1.227763278,591752137.2,35083,0.9788819772,666194612.3
,09/14/2025,9.414632386,2676986062,228640,0.3034538502,8821723830,,09/14/2025,2.530100974,2698886946,55863,0.9829296593,2745757970,,09/14/2025,1.193448143,576263302.4,34327,0.9458379777,663266854.1
,09/15/2025,9.156635092,3963501309,246510,0.4573750462,8665757658,,09/15/2025,2.457142219,2785919939,53795,1.023102053,2723012754,,09/15/2025,1.30343907,864898756.6,42890,1.446232514,654724795.8
,09/16/2025,9.323645903,3329379401,245827,0.3842048112,8665636930,,09/16/2025,2.542334666,2849794581,59639,0.7152146673,3984530395,,09/16/2025,1.244329669,625984847.5,49489,1.020512772,653652916.4
,09/17/2025,9.557337623,4045094143,208090,0.4680296972,8642815119,,09/17/2025,2.692164058,3531104009,62853,1.298072681,2720266792,,09/17/2025,1.341751706,947723252.2,44379,1.570703167,657697392.8
,09/18/2025,9.619616766,3202819891,221929,0.3648931123,8777419423,,09/18/2025,2.723258187,3071220031,59061,1.095389791,2803769082,,09/18/2025,1.31824474,766252893.1,46291,1.242407621,661442087.6
,09/19/2025,9.156637586,2511110904,212557,0.2893338861,8678938157,,09/19/2025,2.702713612,3292454879,62940,1.174208317,2803978503,,09/19/2025,1.240998998,569406926.9,40844,0.91582712,666838568.3
,09/20/2025,9.189488444,2087618135,233187,0.2415757481,8641670994,,09/20/2025,3.052721992,3483413247,66583,1.230735619,2830350560,,09/20/2025,1.208691252,385492731.9,40071,0.6466976635,651330216
,09/21/2025,9.060904049,2509233255,209356,0.2903836299,8641097488,,09/21/2025,2.901383466,3771073070,68059,1.279503291,2947294545,,09/21/2025,1.137022682,551247131.2,39570,0.9345753904,649940737.1
,09/22/2025,8.231682407,4212734454,223270,0.5109494023,8244915124,,09/22/2025,2.639947672,3888220038,72559,1.360152572,2858664622,,09/22/2025,1.116503734,999458814.5,42697,1.681798951,649324275.7
,09/23/2025,8.071630922,3420672257,201476,0.4195739524,8152727874,,09/23/2025,2.783606632,3972065052,73518,1.381953077,2874240173,,09/23/2025,1.107903744,763056250.4,44768,1.304426079,622883635.2
,09/24/2025,7.902745153,5398216944,234412,0.6336701868,8518969421,,09/24/2025,2.781183246,3623915107,70207,0.8318681705,4356357456,,09/24/2025,1.067317827,690255534.7,43466,1.177189099,620813526.8
,09/25/2025,7.43511269,5773917523,215020,0.7247554135,7966711826,,09/25/2025,2.590033282,4208143809,67362,1.455730083,2890744554,,09/25/2025,0.9798949567,1054310188,43919,1.872705409,609551119
,09/26/2025,7.622100848,3483611063,182689,0.4494582089,7750689595,,09/26/2025,2.603239495,3737820172,62964,1.297437112,2880925894,,09/26/2025,1.053198486,742403724.6,40448,1.335582651,584241567.9
,09/27/2025,7.621508946,2313641223,162660,0.2919402127,7925051508,,09/27/2025,2.599003526,3288212121,58478,1.118030155,2941076415,,09/27/2025,1.007697623,372357459.1,52302,0.6789955704,593098112.3
,09/28/2025,7.750761067,2322834711,185919,0.2913117312,7973708099,,09/28/2025,2.635995513,3280510327,61027,1.102582327,2975297396,,09/28/2025,1.081905753,457617424.1,42346,0.8382078249,587129133.3
,09/29/2025,7.758221441,3179723886,189888,0.3883061011,8188704417,,09/29/2025,2.591619135,3580066574,62068,1.173497862,3050765313,,09/29/2025,1.037830748,599262192.4,41678,1.062235637,592015078
,09/30/2025,7.628272458,3349237836,201959,0.4102740002,8163417214,,09/30/2025,2.505933559,3828977389,65173,1.243565637,3079031194,,09/30/2025,1.011939178,702723420,41788,1.222059936,603622779.9
,10/01/2025,8.054966231,3596693388,197308,0.4314092389,8337080117,,10/01/2025,2.583369273,3687009998,60960,1.183230029,3116055128,,10/01/2025,1.091524722,792984817,43995,1.416583129,584385214.4
,10/02/2025,8.346365832,3768728967,217408,0.4400412792,8564489618,,10/02/2025,3.100375613,4101795029,67559,1.285859474,3189924802,,10/02/2025,1.188410984,804808287.8,46304,1.428755224,611403600.8
,10/03/2025,8.179120872,3905742568,206982,0.4493224103,8692516727,,10/03/2025,3.629411103,4580321486,73334,1.399016465,3273958241,,10/03/2025,1.159733533,872338983.3,43747,1.44818624,635277963.9
,10/04/2025,8.020832764,2623193291,183062,0.3045247134,8614057170,,10/04/2025,3.424787052,3499435270,64402,1.052134865,3326032990,,10/04/2025,1.129480517,525484099.2,41751,0.8720845385,635455848
,10/05/2025,8.057442343,3518573978,202801,0.4001625217,8792862368,,10/05/2025,3.206139671,3522987580,64984,1.061196175,3319826875,,10/05/2025,1.146276136,859909524.7,47188,1.419458441,634095818.4
,10/06/2025,8.348680169,4170575005,238735,0.4737353868,8803596102,,10/06/2025,3.770547151,4285691972,71897,1.264972255,3387973100,,10/06/2025,1.177886953,872630919.6,51327,1.461361788,627662690.6
,10/07/2025,7.770750461,5152777163,276534,0.5887051531,8752729846,,10/07/2025,4.399631816,5904355735,85650,1.688188701,3497450096,,10/07/2025,1.08318084,918073054.3,51923,1.468911448,656893889.9
,10/08/2025,8.076713227,4364523933,264744,0.5078811374,8593593286,,10/08/2025,4.043240043,5763591235,81820,1.618798413,3560413197,,10/08/2025,1.08590577,781957068.7,62882,1.294693584,631492206.8
,10/09/2025,7.862444563,4655416954,266866,0.5461162902,8524589061,,10/09/2025,3.738496794,5902894312,80901,1.659787949,3556414731,,10/09/2025,1.060130328,800604262.4,55052,1.330021487,631840935.7
,10/10/2025,5.870504826,9189745097,321341,1.11562097,8237336289,,10/10/2025,2.819711519,6617057967,101453,1.901648275,3479643451,,10/10/2025,0.8475745691,1582191140,63040,3.107835094,576439597.1
,10/11/2025,5.851647596,4415517088,249030,0.5890301576,7496249609,,10/11/2025,2.650314917,5417427629,84866,1.630949255,3321640825,,10/11/2025,0.7838786533,931284531.3,60047,1.882855802,520072383.6
,10/12/2025,6.620952793,4810127177,259060,0.6319828981,7611166680,,10/12/2025,3.410231271,5570551847,81259,1.62729209,3423203420,,10/12/2025,0.91648136,985509509.9,58576,2.101673167,516217363.8
,10/13/2025,7.066307943,4826073789,257818,0.599210732,8054050990,,10/13/2025,3.636085613,5829571485,80312,1.6205442,3597292493,,10/13/2025,0.9459543346,987083405.3,57084,1.821581769,560197378.7
,10/14/2025,6.830566109,5664845186,250475,0.7006317267,8085339230,,10/14/2025,3.523837629,5549077442,79058,1.580175578,3511684093,,10/14/2025,0.8906554286,1037903463,54139,1.909768975,566298081.7
,10/15/2025,6.578502932,4615212993,214594,0.5826772633,7920702048,,10/15/2025,3.026610668,4227932906,73214,1.204071951,3511362343,,10/15/2025,0.8202547639,840245157.1,82816,1.570793679,553680592.3
,10/16/2025,6.270386161,4522142767,201138,0.580919842,7784452243,,10/16/2025,2.89161438,4323364137,74372,1.244073656,3475167339,,10/16/2025,0.7871554334,886108299.6,44291,1.73435855,537661018.3
,10/17/2025,6.141102168,4645266101,239477,0.6097548523,7618251965,,10/17/2025,2.840212972,3858891436,79413,1.132423478,3407639909,,10/17/2025,0.7508317957,736761839.9,39824,1.576134852,515772166.3
,10/18/2025,6.026633186,2378917728,216719,0.3112495021,7643121394,,10/18/2025,2.874663015,3282786169,64924,0.9517499348,3449210816,,10/18/2025,0.7813943281,401056619.2,33278,0.8271920388,514623535.2
,10/19/2025,6.257636483,2978397531,199456,0.3867461065,7701170046,,10/19/2025,2.902623498,3491247124,64633,0.9559218241,3652230795,,10/19/2025,0.8299955136,579259979,30981,1.178184982,523162143.2
,10/20/2025,6.335930299,3269581777,220056,0.4186082309,7810600786,,10/20/2025,2.910913652,3748184483,67952,1.024609868,3658157704,,10/20/2025,0.8385560466,607964255.6,35621,1.201237151,535128405
,10/21/2025,6.259848686,4295965392,225792,0.5490698111,7824078659,,10/21/2025,2.703853312,3715803968,70612,1.020109303,3642554733,,10/21/2025,0.7938144756,831080616.3,39860,1.630554598,536617438.4
,10/22/2025,6.041164573,3882798211,223393,0.5150911214,7538080255,,10/22/2025,2.717307116,3554956647,66702,1.00758063,3528210589,,10/22/2025,0.7728248003,792492852.9,48122,1.579560125,529785058.1
,10/23/2025,6.308552255,3288661972,230435,0.43225034,7608234551,,10/23/2025,2.753523062,4210854511,72785,1.179973444,3568601083,,10/23/2025,0.7941988809,592947137.9,53798,1.229792707,513044967.1
,10/24/2025,6.242485518,3131025253,201191,0.3927874878,7971295801,,10/24/2025,2.657639286,3806924425,64281,1.051240186,3621365008,,10/24/2025,0.8113212011,589837606.9,49183,1.18857096,529747957.1
,10/25/2025,6.253159362,1988077531,183616,0.2562506086,7758332916,,10/25/2025,2.704987864,2860935821,57996,0.782709454,3655169624,,10/25/2025,0.9191244093,411600513.1,47277,0.8257393489,537748656.8
,10/26/2025,6.663311922,2835231115,204959,0.356817452,7945886893,,10/26/2025,2.81221468,2947767361,59589,0.8015620308,3677528685,,10/26/2025,0.9461654174,564007902,46288,1.089433908,552341244.4
,10/27/2025,6.517044925,3484081521,213605,0.4299196183,8104030086,,10/27/2025,2.690648955,3653926651,67245,0.98799799,3698313851,,10/27/2025,0.9008656463,689877142.5,50562,1.274394437,569103149.7
,10/28/2025,6.360211288,3415104172,212632,0.4230570793,8072443030,,10/28/2025,2.613050975,3391798818,67376,0.9356386628,3625116140,,10/28/2025,0.9818145605,682618422.8,46944,1.289732383,558585195
,10/29/2025,6.292371541,3580945151,210198,0.4519641759,7923072982,,10/29/2025,2.56098682,3846545805,66848,1.064851102,3612285133,,10/29/2025,0.9765444179,707168402.9,42758,1.398173186,552977873.2
,10/30/2025,5.833337891,3590596590,199730,0.4634260841,7747938049,,10/30/2025,2.396409448,3999143910,72690,1.120440905,3569259112,,10/30/2025,1.016859342,727730505.8,49044,1.409104394,548860509.9
,10/31/2025,5.742492547,2783551548,196949,0.3656234135,7613165473,,10/31/2025,2.416790899,3417470159,66109,0.9622546676,3551523598,,10/31/2025,1.066339622,630899997.6,42439,1.253836109,531811925.1
,11/01/2025,5.857409353,1700782163,179781,0.2207083455,7706016547,,11/01/2025,2.517852506,2211702503,59317,0.6328333709,3494920787,,11/01/2025,1.027546148,374023751.6,43395,0.7381754819,542133717.5
,11/02/2025,5.861855823,1958778779,197091,0.2553878031,7669821168,,11/02/2025,2.485892402,2496432060,62464,0.7081508773,3525282733,,11/02/2025,1.005349814,390237851.3,41729,0.756775879,545475136
,11/03/2025,5.188719907,3776659680,212052,0.5032958173,7503856680,,11/03/2025,2.222568951,3198735779,76948,0.9366914975,3414929876,,11/03/2025,0.8919655849,707786789.4,42947,1.406019203,534954485.9
,11/04/2025,5.083316521,5055258356,222552,0.7119024862,7101054504,,11/04/2025,2.182706551,3984080234,81178,1.199427163,3321652500,,11/04/2025,0.8068599925,859536588,49312,2.040134207,485762509.2
,11/05/2025,5.356164998,2902197406,232450,0.4194861262,6918458621,,11/05/2025,2.266727137,2929670740,71497,0.8776164751,3338213016,,11/05/2025,0.901248279,542558596.3,56266,1.246184139,459341334.9
,11/06/2025,5.239858272,2769378073,224519,0.3996238122,6929962603,,11/06/2025,2.257096655,2858441809,68101,0.8469034201,3375168574,,11/06/2025,0.8588145665,590866855.8,63275,1.277897371,487471936.9
,11/07/2025,5.867333805,3274346747,205776,0.4719059137,6938558411,,11/07/2025,2.48923237,2858818438,75398,0.8281147093,3452201012,,11/07/2025,0.9692711351,647483290.1,56814,1.446083283,473499316.8
,11/08/2025,6.01654351,1977136929,186027,0.2788561334,7090168342,,11/08/2025,2.51959903,2379598616,65689,0.6762798658,3518659561,,11/08/2025,0.9842677713,455877244.9,43378,0.9860800157,488601938.6
,11/09/2025,6.564540249,2194758283,189085,0.2918254444,7520791369,,11/09/2025,2.546200553,2173394425,64237,0.6197913712,3506654862,,11/09/2025,1.090326353,509698612.4,37545,1.106373238,485420115.7
,11/10/2025,9.211262774,2456490010,208105,0.3403298309,7217968531,,11/10/2025,2.62480666,2777793132,67714,0.8077076508,3439107119,,11/10/2025,1.190801428,570107407.9,47648,1.196518685,501452580.1
,11/11/2025,8.199359825,2657394528,225823,0.370703768,7168512318,,11/11/2025,2.526622049,2633770960,68193,0.7610148713,3460866613,,11/11/2025,1.099889602,695187101.8,68402,1.426183405,512721362.2
,11/12/2025,7.565113003,2845635881,253053,0.4030347485,7060522429,,11/12/2025,2.466230676,2385871676,66736,0.692171726,3446936051,,11/12/2025,0.9817513048,710346619.2,65658,1.524131075,492674655.6
,11/13/2025,7.755203738,3498144674,238579,0.5031950863,6951865727,,11/13/2025,2.403563277,2579285127,68987,0.7538935907,3421285389,,11/13/2025,0.93221651,876448597.2,65363,1.921682202,482974650.8
,11/14/2025,7.004929686,3809935747,252653,0.5750866723,6624976599,,11/14/2025,2.345494087,2550329894,72179,0.7607133155,3352550616,,11/14/2025,0.8248758411,879343851.9,47187,2.203747168,457950962.9
,11/15/2025,7.35286619,1616824268,200097,0.2523603307,6406808328,,11/15/2025,2.419889988,1742764582,60162,0.51133325,3408275488,,11/15/2025,0.8685638905,443942362.2,46703,1.021188136,450809991.4
,11/16/2025,7.190585737,2565563554,196026,0.39989363,6415614958,,11/16/2025,2.360587802,2069307605,64054,0.6042564588,3424551902,,11/16/2025,0.8162065484,576001585.5,29679,1.427033231,453285369
,11/17/2025,7.398990876,3119303704,193001,0.4848890528,6433025628,,11/17/2025,2.309671068,2284428005,68582,0.6706264189,3406409202,,11/17/2025,0.7753754969,699158754.4,33214,1.727414157,441862816.7
,11/18/2025,7.486714824,2815424828,187222,0.4446955318,6331129113,,11/18/2025,2.388944842,2329135627,65829,0.6824240437,3413032774,,11/18/2025,0.8353628629,703840867.6,31101,1.783413179,430437802.2
,11/19/2025,7.190246549,2803837813,212131,0.446346867,6281746373,,11/19/2025,2.283904285,2124849547,66175,0.6201885128,3426134962,,11/19/2025,0.8073331687,654032094.6,66940,1.541688336,443657845.7
,11/20/2025,6.576400897,3030467041,224668,0.4866828758,6226779678,,11/20/2025,2.199738446,2288202603,68086,0.6729581916,3400215097,,11/20/2025,0.7182092426,731607840.7,86771,1.872569243,430296726.1
,11/21/2025,6.445626383,3592254697,214559,0.6204373545,5789874951,,11/21/2025,2.076903547,2605261071,75391,0.785845956,3315231250,,11/21/2025,0.6667313516,871980309.1,78762,2.402324766,418000674
,11/22/2025,6.170490494,1484052659,181130,0.2581558228,5748670096,,11/22/2025,2.26256877,1586725810,60857,0.4816608334,3294280332,,11/22/2025,0.691364189,364806361.9,41021,0.9673480347,394718847.4
,11/23/2025,6.1325105,1591123720,181882,0.2758748698,5767555852,,11/23/2025,2.246879043,1611258971,58332,0.4861298999,3314461774,,11/23/2025,0.6864140263,387298789.4,30126,1.023570179,396351391.3
,11/24/2025,6.300716505,2082647609,181790,0.3527665116,5903756567,,11/24/2025,2.363426682,1899446852,62771,0.5695916802,3334751749,,11/24/2025,0.7018979058,533012513.8,34719,1.377273516,404031228.3
,11/25/2025,6.22688787,1906183721,173083,0.3187403762,5980364783,,11/25/2025,2.421069673,1712954946,61253,0.506013432,3385196593,,11/25/2025,0.6883302566,468890776.2,48784,1.179415407,412628051.3
,11/26/2025,6.299631949,1903032359,177726,0.3183413266,5977962018,,11/26/2025,2.469252185,1673590391,62935,0.4918618726,3402561743,,11/26/2025,0.7212638796,424112436.2,48730,1.077256049,410003662.9
,11/27/2025,6.138334585,1858657251,193367,0.3072880908,6048582119,,11/27/2025,2.482581651,1504994614,59899,0.436027574,3451604220,,11/27/2025,0.7088827195,365992597.3,62567,0.9063004123,422288135.3
,11/28/2025,6.132603058,1905461789,186535,0.3123982258,6099464181,,11/28/2025,2.397497778,1692157277,63239,0.4908096257,3447685596,,11/28/2025,0.690655485,434474491.1,43065,1.07490328,423301588.6
,11/29/2025,6.06582253,1300970671,170731,0.212758996,6114762222,,11/29/2025,2.354670266,1404060906,54996,0.4074877924,3445651458,,11/29/2025,0.672050271,269831725.6,27119,0.6609042126,427964732.9
,11/30/2025,6.067744615,1378623786,169987,0.2270390896,6072186900,,11/30/2025,2.384496476,1383504878,56246,0.3991277565,3466320885,,11/30/2025,0.663299604,271710594.3,28085,0.6760781238,415094624.8
,12/01/2025,5.607060096,2456576208,185627,0.423340074,5802843526,,12/01/2025,2.262790885,2102210270,69941,0.6196182071,3392750965,,12/01/2025,0.6003013684,594432775.6,35172,1.509174323,420179861.6
,12/02/2025,5.927374378,2171656680,197871,0.3684988384,5893252444,,12/02/2025,2.382471832,1765620550,65490,0.511836009,3449582520,,12/02/2025,0.6572807844,493542466.7,50930,1.280389375,402537877.7
,12/03/2025,6.121658119,2220935497,202515,0.3577257508,6208486508,,12/03/2025,2.402758363,1880777518,65908,0.5329074217,3529276271,,12/03/2025,0.678646983,631002383.9,49989,1.629946712,416288229.9
,12/04/2025,5.959379123,1851968116,165807,0.2975069181,6224958154,,12/04/2025,2.346618215,1672249921,62734,0.4754661627,3517074510,,12/04/2025,0.6881780438,507234106.2,58303,1.213655169,435074762.6
,12/05/2025,5.499967032,2169043464,157751,0.349167408,6212044465,,12/05/2025,2.279342462,1628651156,62594,0.4646749229,3504925865,,12/05/2025,0.6512951195,524543404.5,37473,1.254665653,432620675.9
,12/06/2025,5.559833437,939010514.9,151779,0.1477506622,6355372631,,12/06/2025,2.259986156,1190480775,55100,0.3413545623,3487519741,,12/06/2025,0.6701551475,241826432.9,35874,0.6012000645,416324755
,12/07/2025,5.442321264,1623018316,155656,0.2544900128,6377532454,,12/07/2025,2.235927016,1492986895,59599,0.4276227941,3491364155,,12/07/2025,0.6547707484,456112052.8,34825,1.139643973,419997263.9
,12/08/2025,5.61492983,1887664769,152380,0.3062783935,6163231912,,12/08/2025,2.318995121,1594926239,58226,0.4520817727,3527959620,,12/08/2025,0.6627331029,514264335.3,31317,1.268612696,417796273.8
,12/09/2025,5.762365463,2362769184,168562,0.37943329,6227100379,,12/09/2025,2.373568192,1698078248,62015,0.4814744604,3526829329,,12/09/2025,0.667206102,510659136.8,47242,1.27896816,422169789.2
,12/10/2025,5.612651241,2441423750,177419,0.3806258643,6414235025,,12/10/2025,2.325832613,1688769821,59481,0.4793035146,3523382928,,12/10/2025,0.6418990138,610767336.1,43682,1.709057515,429838306.7
,12/11/2025,5.54949822,2295675387,200319,0.3622769946,6336795935,,12/11/2025,2.262021568,1692815615,61423,0.4819500257,3512429764,,12/11/2025,0.6321592697,533019062.4,56863,1.299839125,431121391.5
,12/12/2025,5.420973261,1929186598,157565,0.3287072751,5869010953,,12/12/2025,2.213271659,1395378530,56191,0.3941953117,3539815135,,12/12/2025,0.610349681,419092302.7,44083,1.018033962,425877486.3
,12/13/2025,5.512660675,1027267646,135403,0.175658718,5848088032,,12/13/2025,2.26345565,996027202.7,52028,0.2807475486,3547768121,,12/13/2025,0.60525756,187332908.6,42537,0.4685660257,411173422.4
,12/14/2025,5.315297393,1353423235,144243,0.2253886794,6004841232,,12/14/2025,2.145802048,1187543015,54227,0.3336753779,3558977058,,12/14/2025,0.5724935468,326905342.7,30954,0.8716566417,412472252
,12/15/2025,5.074601738,2385769776,178073,0.3968565712,6011667563,,12/15/2025,2.029181395,1634021944,62901,0.4619503198,3537224402,,12/15/2025,0.5376219609,485782123.7,35344,1.331362988,403146696.5
,12/16/2025,5.196784074,2060367494,182969,0.3510557936,5869059938,,12/16/2025,2.051596096,1595890352,58130,0.4525851244,3526166164,,12/16/2025,0.5384830042,475761225.3,26880,1.271545767,393755655.4
,12/17/2025,4.954160378,2439548646,211455,0.4185230171,5828947386,,12/17/2025,1.852707787,1557850779,62384,0.425494458,3661271609,,12/17/2025,0.4981974762,495089327.3,29620,1.363167786,397526976.2
,12/18/2025,4.953624963,2575126474,195398,0.4471357773,5759159980,,12/18/2025,1.794016418,1547328137,62345,0.4262324716,3630244620,,12/18/2025,0.4720391836,516648255,45778,1.492001148,379070072
,12/19/2025,5.318788804,2248471082,192501,0.3860467789,5824348771,,12/19/2025,1.840289556,1467539473,57900,0.4034899919,3637114927,,12/19/2025,0.4979638655,493161217.5,53065,1.449400641,378152184.2
,12/20/2025,6.247467564,1200250968,165198,0.2047345415,5862474203,,12/20/2025,1.854153045,845242604.9,48581,0.2297324565,3679247668,,12/20/2025,0.5171069642,176410303.8,38781,0.4640793449,392887325.1
,12/21/2025,6.137501853,1525891542,178470,0.2581749899,5910299609,,12/21/2025,1.802283553,1247779221,51276,0.3370431054,3702135428,,12/21/2025,0.5048881225,281593926.4,33591,0.7308634898,396585384.1
,12/22/2025,6.000954782,2153009695,197574,0.3610827532,5962648937,,12/22/2025,1.850214231,1432186800,54362,0.386445912,3706047226,,12/22/2025,0.4962991764,476764196.6,27426,1.426922355,394227874.8
,12/23/2025,5.815119779,1982920787,164066,0.3359552725,5902335668,,12/23/2025,1.800939218,1394954967,53215,0.374071034,3729117843,,12/23/2025,0.4835614728,396620574,27006,1.050907806,392920387.4
,12/24/2025,5.774714947,1817401845,173411,0.3079815506,5901008814,,12/24/2025,1.836346202,1248108480,52294,0.3346744008,3729321625,,12/24/2025,0.4800419512,289309984.2,25978,0.7884936396,392833886.4
,12/25/2025,5.808812115,1753975596,164684,0.2973298822,5899089534,,12/25/2025,1.798974799,1134921858,52701,0.293572652,3865897761,,12/25/2025,0.4748940334,211278735.3,26650,0.5687199542,387922639.1
,12/26/2025,5.827369074,1779926862,176303,0.3019076473,5895600453,,12/26/2025,1.808395039,1015347619,54366,0.2684689461,3781992791,,12/26/2025,0.4757031272,291202723.8,45886,0.8622524699,385773603
,12/27/2025,5.95999874,1353878877,151838,0.2295638547,5897613450,,12/27/2025,1.854437315,624856527.2,48742,0.1648060622,3791465671,,12/27/2025,0.4785900507,125844279.9,41975,0.3431765415,387371906.9
,12/28/2025,6.206594067,1657724400,149203,0.2817828822,5882984753,,12/28/2025,1.870187252,660505283.3,50160,0.1725928804,3826955560,,12/28/2025,0.4659077359,166936503.6,22394,0.4504435469,386840564
,12/29/2025,5.986077271,2163184137,164304,0.3635537172,5950108704,,12/29/2025,1.831370072,1106170791,57782,0.2874746473,3847889897,,12/29/2025,0.4566135558,431539878.7,24582,1.327320951,391257697.5
,12/30/2025,5.918432958,2260985528,170400,0.3810361205,5933782669,,12/30/2025,1.862452967,887408049.1,54786,0.222328448,3991428255,,12/30/2025,0.4349121228,341296648.7,28171,0.9158345455,388182009.6
,12/31/2025,5.622236699,1614416682,169464,0.2727389044,5919275382,,12/31/2025,1.883665581,999909428.8,57506,0.2491262092,4013666133,,12/31/2025,0.4019437665,280646793.5,52294,0.822753527,385764630.1
,01/01/2026,5.799593677,1323197922,154099,0.2266465764,5838155348,,01/01/2026,1.983929949,726901685.4,50705,0.1808900295,4018472923,,01/01/2026,0.4695763066,174719774.6,37936,0.4740627447,384862626.4
,01/02/2026,6.036573484,2239186002,171337,0.3730816885,6001865198,,01/02/2026,2.003700917,1072499425,56697,0.2658749437,4033849187,,01/02/2026,0.5620653608,387412615,29277,1.068870534,395695064.9
,01/03/2026,5.921292856,1402009161,164126,0.2316205202,6053043832,,01/03/2026,1.999704219,814636960.9,54119,0.2018477787,4035897576,,01/03/2026,0.562306968,240233322.2,27122,0.6014953637,410042624.3
,01/04/2026,5.834722287,1571252391,165672,0.2532776273,6203676210,,01/04/2026,2.062917413,914114038.3,58062,0.224720151,4067788466,,01/04/2026,0.5629416064,256412857.1,30457,0.6468123872,415335990.1
,01/05/2026,6.177912176,2491975855,189386,0.3957127907,6297435699,,01/05/2026,2.075486734,1161166207,63101,0.2823096173,4113094758,,01/05/2026,0.6051085273,435886142.6,40697,1.066613496,421388422.5
,01/06/2026,6.067618834,2542047377,211348,0.3989433501,6371950746,,01/06/2026,2.045872967,1169667572,64040,0.2834631134,4126348427,,01/06/2026,0.6043037509,429838174.4,53230,1.167435634,438101610
,01/07/2026,5.721718177,2292455245,292058,0.3622972887,6327552859,,01/07/2026,1.96156296,1185827054,59831,0.288825439,4105687706,,01/07/2026,0.5577217526,423593672.8,54498,1.188208645,438902343.3
,01/08/2026,5.485073395,2076949090,193437,0.3336987037,6224025048,,01/08/2026,1.943367087,1043299828,57583,0.2548221035,4094228145,,01/08/2026,0.5537917355,427570269.5,28637,1.052988803,420283416.1
,01/09/2026,5.46144859,1983524924,179403,0.32154155,6168798166,,01/09/2026,1.967375945,945102071.7,55159,0.2300773347,4107758258,,01/09/2026,0.5507617395,409710397.4,29510,0.9865648353,427260743.1
,01/10/2026,5.478703525,1215517425,174265,0.1974789645,6155174191,,01/10/2026,2.04780136,743152799.2,55341,0.1790257856,4151093636,,01/10/2026,0.5365363808,208161424.2,30533,0.5121368097,419299873.1
,01/11/2026,5.436123579,1598863791,183063,0.2621776941,6098397486,,01/11/2026,1.990230411,812349388.2,53382,0.1896938967,4282422377,,01/11/2026,0.552673015,225481430.5,28868,0.5499354303,422498581.9
,01/12/2026,5.358587596,2217363921,193967,0.3584426105,6186105827,,01/12/2026,1.941869556,1158874830,58298,0.2705653841,4283159999,,01/12/2026,0.5583788433,489731852.8,27938,1.191536651,419074430.1
,01/13/2026,5.712798146,2668033447,208969,0.4275257345,6240638239,,01/13/2026,2.058245938,1445990241,63801,0.3366925502,4294690334,,01/13/2026,0.5878510351,627927724.4,40705,2.228413563,420359596.5
,01/14/2026,5.683822028,2848641996,214611,0.4380198837,6503453615,,01/14/2026,2.05572915,1543396979,66962,0.7898834727,1953955277,,01/14/2026,0.6070499047,613700084.7,55061,1.565138476,445384545.5
,01/15/2026,5.349700628,2460873251,177500,0.3775053751,6518776719,,01/15/2026,2.047947546,1380513072,62274,0.7126695691,1937101192,,01/15/2026,0.5605039612,460828869.5,27805,1.057389618,451901267.6
,01/16/2026,5.312449456,2764058139,161100,0.4315788321,6404526665,,01/16/2026,2.09350439,1248422230,55949,0.647769632,1927262669,,01/16/2026,0.5677831911,347193559.6,23489,0.8582657979,443994461.2
,01/17/2026,5.352631557,2866489848,160564,0.4466299289,6418042460,,01/17/2026,2.103065107,1407119217,53069,0.7238416649,1943959965,,01/17/2026,0.5550108322,188425563.1,24775,0.4340344735,444622836
,01/18/2026,5.133225096,3504374234,169005,0.5494226239,6378285279,,01/18/2026,2.059790066,878880827.5,55601,0.4537334615,1936998044,,01/18/2026,0.5146753221,291907529.3,22142,0.6764173043,443029382.9
,01/19/2026,5.026259248,4845330671,192166,0.7840364362,6179981500,,01/19/2026,2.011882453,1585660259,68091,0.8299292851,1910596827,,01/19/2026,0.4933653443,460402204.8,26039,1.50584197,448965902.7
,01/20/2026,4.801630763,4753484524,195632,0.7882468029,6030452019,,01/20/2026,1.892326863,2512491914,64142,0.5943758268,4227109853,,01/20/2026,0.4610171694,557232005.6,32915,1.595333395,433647138.8
,01/21/2026,4.931915284,5332728579,192804,0.8966748427,5947226714,,01/21/2026,1.934437405,2924545711,65722,0.6941808506,4212944953,,01/21/2026,0.4799321074,560389485.1,49346,2.036570769,412551492.5
,01/22/2026,4.833937645,3146739158,186999,0.5287618919,5951145887,,01/22/2026,1.93828599,1360549287,57635,0.3139930078,4333056002,,01/22/2026,0.4668396815,407643269.6,45244,1.02159922,418756974.9
,01/23/2026,4.87301986,2288769393,169317,0.3850589397,5943945608,,01/23/2026,1.923036893,1450332522,57168,0.3353236387,4325172325,,01/23/2026,0.4797686397,379850671.2,28044,0.9603601004,411017389.1
,01/24/2026,4.849488134,1353034422,152033,0.2283229119,5925968670,,01/24/2026,1.914395136,716910106.5,50172,0.4113156493,1742968223,,01/24/2026,0.4664402993,209462409.7,23073,0.5292231172,416783564.1
,01/25/2026,4.629599278,2484795120,163645,0.4260706229,5831885577,,01/25/2026,1.850767717,1074157449,59240,0.6212052925,1729150511,,01/25/2026,0.4444326434,353278565.1,23956,0.9186992185,414722632.9
,01/26/2026,4.712322353,2636490533,183527,0.4551093561,5793092360,,01/26/2026,1.907314062,1241931103,58129,0.7255733067,1711654896,,01/26/2026,0.4519322809,470845041.3,29159,1.395159594,405637996.9
,01/27/2026,4.801102034,2393498160,162999,0.4118892526,5811023582,,01/27/2026,1.921567654,1183157964,57791,0.6830153405,1732256795,,01/27/2026,0.4635014862,390078174.8,31214,1.030310356,413555639.8
,01/28/2026,4.823428109,2704793070,203314,0.4519854249,5984248431,,01/28/2026,1.901552147,1101195317,55648,0.6360721755,1731242710,,01/28/2026,0.4659958158,413508664.8,44055,1.0296932,419413812.8
,01/29/2026,4.393302429,3180637062,198196,0.546964247,5815073068,,01/29/2026,1.79132506,1389503078,66115,0.8103231369,1714751825,,01/29/2026,0.4308417318,523374349.4,39639,1.671552063,416477946.3
,01/30/2026,4.271704683,3779745620,196769,0.6795134529,5562429418,,01/30/2026,1.700736482,1697515112,67856,1.024082737,1657595671,,01/30/2026,0.4318221806,596624331.6,28917,1.924274512,400799789.8
,01/31/2026,3.945692121,4528014498,215103,0.8483143183,5337661289,,01/31/2026,1.53513274,1724029001,74669,1.068733169,1613151956,,01/31/2026,0.3883624382,722237782.8,33382,3.797257688,380553301.1
,02/01/2026,3.848989678,3529065177,196824,0.6900515338,5114205250,,02/01/2026,1.518843003,1305914531,64225,0.8459160357,1543787416,,02/01/2026,0.3701260593,504497480.6,30260,2.133756782,353511487.4
,02/02/2026,3.925427647,3913934179,201523,0.7777380489,5032458145,,02/02/2026,1.583437485,1531569336,66531,1.002673688,1527485317,,02/02/2026,0.4042695376,554709962.9,28986,2.441548933,340642637.4
,02/03/2026,3.844877175,3430283299,192433,0.6916767781,4959373233,,02/03/2026,1.539744821,1490544146,63870,0.9712868351,1534607587,,02/03/2026,0.3730240518,618894135.7,28149,4.439098521,344957227.7
,02/04/2026,3.805224717,3850263272,192347,0.7883839425,4883741365,,02/04/2026,1.521675609,1592033066,64659,1.060416117,1501328621,,02/04/2026,0.3597950873,586281991.2,30744,3.913465282,339952582.9
,02/05/2026,3.176965926,6831778089,230545,1.470688735,4645291643,,02/05/2026,1.289014157,2095579839,79836,1.496541693,1400281628,,02/05/2026,0.2920365239,1162721003,44937,9.447080932,308158218.5
,02/06/2026,3.552801622,4877964739,218365,1.073886691,4542345835,,02/06/2026,1.38594795,1677875576,78603,1.233520289,1360233465,,02/06/2026,0.3337569183,675266469.4,50190,3.715040639,285463172
,02/07/2026,3.545019293,3192382962,183207,0.6785891761,4704441324,,02/07/2026,1.381911339,1272493336,60915,0.9181104183,1385991609,,02/07/2026,0.3251057286,574243354.9,31928,4.603026531,306240784.1
,02/08/2026,3.476169785,2229956569,184048,0.4706925184,4737607848,,02/08/2026,1.367372693,797683031.2,55206,0.5790466988,1377579793,,02/08/2026,0.3205046264,283537417.1,29452,1.000712361,308377707.1
,02/09/2026,3.495265959,2580843296,187771,0.5390589558,4787682809,,02/09/2026,1.360826898,859997010,55749,0.6291030369,1367020917,,02/09/2026,0.3126207609,323498112.2,24510,1.216235744,313463094.4
,02/10/2026,3.362216339,2437870720,185216,0.5132668169,4749714260,,02/10/2026,1.319812005,769826367.1,54883,0.5637927163,1365442200,,02/10/2026,0.3021598324,315777001.6,31884,1.095963681,308324061.9
,02/11/2026,3.374170207,2855799597,198094,0.6135998926,4654172257,,02/11/2026,1.296990421,908332283.9,62160,0.6716575057,1352374203,,02/11/2026,0.2790220938,390533721.2,45455,2.461204587,306089511.6
,02/12/2026,3.245298728,2569109312,197864,0.5450763142,4713302056,,02/12/2026,1.29827018,778862660.5,54743,0.57450047,1355721538,,02/12/2026,0.2968443608,325418267.4,43360,1.140904195,298132353.7
,02/13/2026,3.396080213,2411792938,168664,0.5127911611,4703265425,,02/13/2026,1.300596044,783030101.4,56956,0.5770888491,1356862297,,02/13/2026,0.3053630474,276809688.8,36498,1.03887882,294514806.1
,02/14/2026,3.624599238,1737029814,168973,0.357667575,4856548191,,02/14/2026,1.348171099,571536296.4,53883,0.4123058124,1386195099,,02/14/2026,0.347735959,214776172.9,34778,0.8668182951,306366135.8
,02/15/2026,3.471448824,2178874742,161157,0.4569489336,4768311252,,02/15/2026,1.298679423,782152079.1,56282,0.5645470961,1385450540,,02/15/2026,0.3078200402,336496464.7,29141,1.50298145,312671393.9
,02/16/2026,3.606339695,1963695363,156372,0.420208423,4673146123,,02/16/2026,1.329759211,636615448.4,52515,0.4630722522,1374764835,,02/16/2026,0.3216541324,260673007.7,27385,0.971883703,303897577.5
,02/17/2026,3.52530357,2027021242,140568,0.4287210221,4728065892,,02/17/2026,1.302968354,597671437.7,49448,0.4331941434,1379684944,,02/17/2026,0.3160601575,271936231.5,20141,1.138224181,302982465
,02/18/2026,3.399154818,2163893440,159252,0.4575866154,4728926431,,02/18/2026,1.269359861,598397395.6,50249,0.4369939733,1369349310,,02/18/2026,0.3033667195,245059317.8,30816,0.8743712347,302357442.5
,02/19/2026,3.387198065,2237190967,163145,0.4809344882,4651758237,,02/19/2026,1.25135949,622155234.3,50768,0.4611868537,1349030722,,02/19/2026,0.3127867823,237562048,27193,0.8978223148,298597060.3
,02/20/2026,3.488471878,2306179823,175481,0.4961577116,4648078160,,02/20/2026,1.294775862,654416623.2,50600,0.4809551548,1360660379,,02/20/2026,0.3128437069,301102512.1,32703,1.47942755,296770802.3
,02/21/2026,3.609840316,1456149218,137922,0.3109137487,4683450714,,02/21/2026,1.322197131,394474964.9,44435,0.288156136,1368962571,,02/21/2026,0.3296392657,133482487.3,30091,0.4418389729,302011361.4
,02/22/2026,3.480103315,2667273332,159948,0.5670619458,4703671886,,02/22/2026,1.285773531,376256165.3,44721,0.2758197735,1364137750,,02/22/2026,0.3149518503,119864892.8,17855,0.4001657198,299491146.5
,02/23/2026,3.341326175,2359803325,170914,0.5200888062,4537308429,,02/23/2026,1.215475299,905388329.9,57119,0.6781737957,1335038799,,02/23/2026,0.2965067365,278430440.8,21094,0.6666740606,417540163.5
,02/24/2026,3.337247215,2090386021,175912,0.4731884944,4417660289,,02/24/2026,1.198095979,810845251.1,54316,0.6090285634,1331374750,,02/24/2026,0.3324552255,273670115.5,22713,0.3750041216,293085998.3
,02/25/2026,4.009678716,3122876835,212851,0.6731981476,4638867243,,02/25/2026,1.323356845,998909077.4,54883,0.7768376622,1285865923,,02/25/2026,0.3672890959,415900038.8,39595,0.5404930522,296265638.1
,02/26/2026,3.874392484,2456546586,181703,0.5154671333,4765670646,,02/26/2026,1.30940847,912221522.3,50587,0.6662227341,1369244061,,02/26/2026,0.3586036609,359233305.7,38195,0.3351179701,338378902.4
,02/27/2026,3.743569891,2475011713,182819,0.5314957448,4656691492,,02/27/2026,1.298107643,819500361.9,52551,0.6037936074,1357252465,,02/27/2026,0.3391452225,313920410.3,33019,1.028659727,305181721.2
,02/28/2026,3.818661639,2432678904,183874,0.5368526519,4531371682,,02/28/2026,1.309697555,1023571951,57563,0.7620268356,1343222972,,02/28/2026,0.3586881813,357761904.2,29169,1.196084939,299112651.2
,03/01/2026,3.749066198,2803170635,172524,0.5979219548,4688188170,,03/01/2026,1.299967643,1026456675,53679,0.7516995727,1365514512,,03/01/2026,0.3384397677,455070299.3,22336,1.126974348,403800439.4
,03/02/2026,3.924403321,3087117133,177152,0.6606879487,4672579755,,03/02/2026,1.346069558,1186735502,56838,0.8634056216,1374482019,,03/02/2026,0.344083041,486367213.5,29417,1.619897219,300240407.1
,03/03/2026,3.915364457,2885359542,183920,0.610530098,4725990662,,03/03/2026,1.344809186,1063926395,53481,0.7870089083,1351860677,,03/03/2026,0.3462563476,459359264.1,24234,1.464524399,313530207.7
,03/04/2026,3.981561838,3091194209,198065,0.6404666048,4826472115,,03/04/2026,1.406864555,1131412033,57708,0.828483127,1365642818,,03/04/2026,0.3646570418,464695386.3,37984,1.540226832,301514026.7
,03/05/2026,3.980758368,2249532194,189832,0.4569145359,4923310635,,03/05/2026,1.389887246,937766841.8,51953,0.6727845186,1393859127,,03/05/2026,0.3607977135,353705119.8,33938,1.117737147,316359563.3
,03/06/2026,3.850112198,1996613381,171298,0.414528936,4816583856,,03/06/2026,1.33817501,888530864.4,51516,0.6413002737,1385514557,,03/06/2026,0.3336177504,293055568.6,39670,0.9322150656,314300252.5
,03/07/2026,3.766786384,1188494260,102564,0.2532264124,4693405595,,03/07/2026,1.315538518,516013938.7,44849,0.3750640722,1375802102,,03/07/2026,0.3261796237,138081423.2,22050,0.451269393,305889110.3
,03/08/2026,3.658209311,1594226153,111564,0.3410161808,4674928180,,03/08/2026,1.298659727,724585218.5,46946,0.5265611541,1376070401,,03/08/2026,0.3176088304,243783756.3,19027,0.8044648726,303021734.8
,03/09/2026,3.859009995,2440961503,128827,0.5123988592,4763791837,,03/09/2026,1.366806172,1044898158,51184,0.7526281262,1388332593,,03/09/2026,0.3181101353,388383583.6,20661,1.299369337,298850493
,03/10/2026,3.842539966,2227521811,133445,0.4615369415,4826313152,,03/10/2026,1.369094749,963698902.1,51681,0.6868801087,1403008895,,03/10/2026,0.3338464821,329110427.7,22072,1.073425293,306609554.4
,03/11/2026,3.892671677,1887454595,118628,0.3911495645,4825403799,,03/11/2026,1.381301422,878156504.2,50030,0.6258793913,1403076242,,03/11/2026,0.3408316242,255625977.2,32178,0.8249005775,309760695.9
,03/12/2026,3.922960595,2459760936,132731,0.5144353796,4781477000,,03/12/2026,1.395525969,819760262.4,49904,0.5833872476,1405173434,,03/12/2026,0.3386664659,276269522.6,26089,0.8881843905,310905521.9
,03/13/2026,4.001879201,2519558950,146627,0.5170816119,4872652387,,03/13/2026,1.410351658,962153690.9,53611,0.6781484807,1418795025,,03/13/2026,0.3301446276,348757175.7,24570,1.150860159,302510030.5
,03/14/2026,3.948439917,1192115250,102635,0.2484439448,4798326845,,03/14/2026,1.412061533,476206291.6,42582,0.337648623,1410360532,,03/14/2026,0.3331023567,124231308,19404,0.4046389846,306396588.8
,03/15/2026,4.053507639,1943722887,117655,0.4028377966,4825075758,,03/15/2026,1.517223887,679462893.6,52456,0.4790886876,1418240320,,03/15/2026,0.3369941777,217075921.6,16644,0.8070479055,304567288.9
,03/16/2026,4.160276546,2538048522,136845,0.5056756937,5019123034,,03/16/2026,1.517292336,856342666.3,57180,0.5917943993,1447027325,,03/16/2026,0.3618166413,414643730.2,21217,1.345979898,308022146.5
,03/17/2026,3.957114452,2113052850,121823,0.4085361775,5172253931,,03/17/2026,1.482734634,846613924,54306,0.5859554677,1444843458,,03/17/2026,0.3461569557,334039974.6,19958,1.035924567,322814884.6
,03/18/2026,3.680155074,2196993760,130755,0.4319200005,5086575656,,03/18/2026,1.444400322,777295123.9,55919,0.5467991129,1421536915,,03/18/2026,0.3296287693,298115424.6,25110,0.9303331292,320446679.9
,03/19/2026,3.576625102,2214640644,120483,0.4498063908,4923541971,,03/19/2026,1.410964454,768701835.6,50980,0.5371184783,1431158798,,03/19/2026,0.3191227233,304927757.2,29369,0.9792328288,311895802.3
,03/20/2026,3.610149188,1922496006,116438,0.3974645561,4836899232,,03/20/2026,1.399761168,688360421.6,48949,0.4917600751,1399789158,,03/20/2026,0.3216354677,302293623.8,19189,1.115637035,309900155.2
,03/21/2026,3.523002984,1285000407,96413,0.265034079,4848434631,,03/21/2026,1.365812816,371756921.4,44723,0.2647310259,1404281648,,03/21/2026,0.313948229,113324425.8,13177,0.3695594553,306620676.3
,03/22/2026,3.470205128,1954763302,114630,0.4172048898,4685379653,,03/22/2026,1.374389719,761857454.7,51583,0.5409618213,1408338675,,03/22/2026,0.306979592,222106708.1,15738,0.7216810877,307179291.3
,03/23/2026,3.580037513,2830910233,131188,0.5945456127,4761468544,,03/23/2026,1.406605318,1139064107,59592,0.7936797932,1435168334,,03/23/2026,0.3515773159,509864650.3,18678,1.702460071,300627025.4
,03/24/2026,3.60954995,1792619093,125830,0.3726963739,4809864594,,03/24/2026,1.413693002,757250673.1,52054,0.5390277069,1404845546,,03/24/2026,0.3247618879,294625025.7,17256,0.9669367112,304698981.2
,03/25/2026,3.699967065,1748073061,126080,0.3598916149,4857220866,,03/25/2026,1.443016127,663340541.5,52061,0.4603249005,1441026850,,03/25/2026,0.3345543659,237924619.7,21253,0.7783276627,305683996.5
,03/26/2026,3.527175741,1796706844,122052,0.3817720611,4706229258,,03/26/2026,1.410416182,655603752.4,52925,0.4605220824,1423609806,,03/26/2026,0.330317869,248475704.7,25254,0.8171729271,304054546.2
,03/27/2026,3.386790416,1911122201,115348,0.4165090215,4588429307,,03/27/2026,1.363735176,707560404.3,53087,0.5196458241,1361620495,,03/27/2026,0.3213083201,233788667.1,20359,0.7896715697,296047142.1
,03/28/2026,3.377846583,1223747863,99115,0.2683966836,4559474604,,03/28/2026,1.370779129,504983005.9,46837,0.3703949143,1363363768,,03/28/2026,0.3248338453,137874778.4,16471,0.4810070177,286635164.8
,03/29/2026,3.351008288,1471823340,102803,0.3241658044,4540341147,,03/29/2026,1.345870903,495750683.3,48892,0.3606466118,1374616223,,03/29/2026,0.3153365643,149689245.5,17529,0.5150792192,290613846.2
,03/30/2026,3.474537071,2109547561,123988,0.4593249806,4592712458,,03/30/2026,1.37930578,684067415.2,51719,0.4955973317,1380288737,,03/30/2026,0.3085043258,276395878.8,19554,1.034649957,285601520
,03/31/2026,3.540301677,2271480687,126988,0.4857194187,4676528464,,03/31/2026,1.392214916,772374532.2,54287,0.5647271886,1367694964,,03/31/2026,0.3261993766,352653794.8,16116,1.218991715,289303040.9
,04/01/2026,3.566090893,2453368082,120302,0.5209344557,4709552335,,04/01/2026,1.400062483,695817777.2,52528,0.5140855583,1353505785,,04/01/2026,0.3257612551,280653013.5,16984,0.9345112975,300323233.5
,04/02/2026,3.171951355,2002154358,120434,0.4279608179,4678359033,,04/02/2026,1.332285255,812736701.5,58406,0.6117355797,1328575170,,04/02/2026,0.3119908648,300731783.3,20614,0.9915846696,303305788.3
,04/03/2026,3.167966592,1286917926,103224,0.2778365728,4631924131,,04/03/2026,1.344030918,458966846.8,47491,0.3441262666,1333716404,,04/03/2026,0.3133759408,165386810.8,14836,0.5562202712,297339920.7
,04/04/2026,3.123816045,1139797076,90967,0.2430497922,4689562025,,04/04/2026,1.412233566,373965840.3,44624,0.2788416357,1341140606,,04/04/2026,0.313004717,155762184.8,14582,0.5220401973,298372069.1
,04/05/2026,3.140502355,1409110345,100990,0.3068041181,4592866465,,04/05/2026,1.422026867,451650847,48043,0.3353821372,1346675320,,04/05/2026,0.3153869944,260667737.2,15065,0.8764568661,297410955.1
,04/06/2026,3.098633908,2112506350,124629,0.4476168224,4719452542,,04/06/2026,1.42115307,643840725.8,53026,0.4746804082,1356366757,,04/06/2026,0.3103150729,399037774.9,15204,1.326652855,300801131.8
,04/07/2026,3.303117989,2507604909,127643,0.5284038433,4745622009,,04/07/2026,1.520350527,715374192.6,55273,0.5291768715,1351862168,,04/07/2026,0.3312344295,569088134,16402,1.880334548,302654389.1
,04/08/2026,3.116538316,2184550016,130463,0.4428112555,4933366054,,04/08/2026,1.478179543,594175295.7,53821,0.4338744089,1369463798,,04/08/2026,0.331901907,500667208.7,17129,1.615551979,309911194.5
,04/09/2026,3.106364501,2095451778,131393,0.4343920904,4823871854,,04/09/2026,1.483779539,675753444.4,52554,0.4967400277,1360376468,,04/09/2026,0.3584940211,478469862.9,32471,1.5453655,309617069.4
,04/10/2026,3.164511206,1718482874,129606,0.3483164239,4933683157,,04/10/2026,1.5102622,593600419.9,50640,0.4342917595,1366824046,,04/10/2026,0.3791384115,430533262.6,18213,1.365898806,315216423.6
,04/11/2026,3.151256773,1385113605,120770,0.2825663465,4901905774,,04/11/2026,1.496211409,561351677,49302,0.4080261717,1375773703,,04/11/2026,0.3821859592,339588905.8,16900,1.061958695,319777721
,04/12/2026,3.021089733,1500093540,125311,0.3056079048,4908556084,,04/12/2026,1.460130046,634488980.4,50791,0.4634326724,1369107139,,04/12/2026,0.3573655023,416692846,15168,1.281498089,325160723.7
,04/13/2026,3.241564291,2226037525,154205,0.4587621638,4852269215,,04/13/2026,1.586527962,927170550.5,57673,0.6772001132,1369123443,,04/13/2026,0.3888330583,502544042.4,18544,1.593720117,315327664.5
,04/14/2026,3.13149559,2095384307,142641,0.4122534233,5082757810,,04/14/2026,1.565737139,938549072.2,60365,0.6755721935,1389265398,,04/14/2026,0.3652795999,87081072.12,9251,0.2689713813,323755901.8
,04/15/2026,3.223239643,1789847536,152771,0.3568554337,5015609591,,04/15/2026,1.600256124,706941209.1,54252,0.5072794275,1393593296,,04/15/2026,0.3750885623,425995867.8,16562,1.31424329,324137753.8
,04/16/2026,3.426207624,1987162384,164432,0.3912515014,5078989799,,04/16/2026,1.62931719,820493582.6,61615,0.5834550718,1406266947,,04/16/2026,0.4095776164,487688294.6,18850,1.494281932,326369665.8
,04/17/2026,3.46534997,2311698373,165729,0.4542727218,5088789756,,04/17/2026,1.592737172,905275854.2,63164,0.6423536583,1409310654,,04/17/2026,0.4348301809,524347043.5,18965,1.604205495,326857778
,04/18/2026,3.356746336,2158499678,159770,0.4212279613,5124302933,,04/18/2026,1.547088532,682168254.8,59248,0.4600130422,1482932422,,04/18/2026,0.4031262077,417627422.8,15661,1.283811648,325302721.3
,04/19/2026,3.231504518,3154352629,152336,0.632417908,4987766142,,04/19/2026,1.505876296,657950226.7,53013,0.4512915555,1457927184,,04/19/2026,0.3714151046,546644130.8,15675,1.743927358,313455791.8
,04/20/2026,3.231651124,3325064104,158280,0.67918257,4895685271,,04/20/2026,1.53104143,669407903.1,52732,0.459526208,1456734984,,04/20/2026,0.3841675313,561159958.9,15058,1.857376882,302124983
,04/21/2026,3.271942277,3431054037,168378,0.5991299923,5726727223,,04/21/2026,1.538140152,648454357.6,54379,0.3545191046,1829109770,,04/21/2026,0.3808125651,545824909.4,15608,1.951584811,279682905
,04/22/2026,3.321315532,2865342709,159982,0.5501796358,5208013023,,04/22/2026,1.51974432,794992787.4,54927,0.5537142239,1435745649,,04/22/2026,0.4256660831,548413191,17806,1.975211656,277647810.2
,04/23/2026,3.295830202,2708896550,167162,0.5251283814,5158541504,,04/23/2026,1.511241325,688336315.5,49784,0.482262338,1427306802,,04/23/2026,0.4350014707,515603976.4,17735,1.621387679,318001661.8
,04/24/2026,3.252853205,1776003807,138312,0.3390842831,5237647086,,04/24/2026,1.503418983,607977576.8,47089,0.4156485572,1462720287,,04/24/2026,0.4232280041,417158988.5,15772,1.319444337,316162627.6
,04/25/2026,3.25904065,1350810859,132455,0.2637387672,5121775891,,04/25/2026,1.501499043,371532269.2,45093,0.270013715,1375975547,,04/25/2026,0.4236001468,155854400.2,13777,0.4945259,315159226.6
,04/26/2026,3.289195677,1694496707,132924,0.3282751348,5161818630,,04/26/2026,1.531322998,391356699.7,45036,0.2793185096,1401112659,,04/26/2026,0.461929394,283289649.5,14541,0.8959637614,316184271.9
,04/27/2026,3.2448402,1922075760,152643,0.3754048843,5120007330,,04/27/2026,1.505925067,515445469.1,49952,0.3805583272,1354445383,,04/27/2026,0.4567770453,392227714.8,16955,1.223003485,320708583.1
,04/28/2026,3.241527481,2035844434,142282,0.3972802193,5124454566,,04/28/2026,1.500367471,410857143.4,44873,0.3097348319,1326480270,,04/28/2026,0.4581384043,334906371.5,16104,1.055763688,317217172.2
,04/29/2026,3.191698861,2035708395,144566,0.3952711869,5150156304,,04/29/2026,1.47450651,565684685.8,50347,0.4179553901,1353457089,,04/29/2026,0.4746614552,431994274.4,16777,1.360164377,317604461.3
,04/30/2026,3.189912424,1722795737,133287,0.3357787942,5130746094,,04/30/2026,1.447498288,407825337.1,48671,0.3043861219,1339828946,,04/30/2026,0.4477140859,324509727.8,16815,1.026593712,316103365.9
,05/01/2026,3.203010436,1586981677,140017,0.3091558505,5133273961,,05/01/2026,1.451233298,590580136,48297,0.4372069395,1350802292,,05/01/2026,0.4501186685,297728705.4,16238,0.938345382,317291171.4
,05/02/2026,3.253219653,1059879570,136174,0.2047259387,5177065382,,05/02/2026,1.467758708,541285266.9,45257,0.3965867545,1364859670,,05/02/2026,0.4540683052,161518686.3,15849,0.5006838325,322596169.2
,05/03/2026,3.235899299,1448758634,144750,0.2749083862,5269968858,,05/03/2026,1.493063129,589238422.2,46759,0.4321458191,1363517582,,05/03/2026,0.4499584981,221314478.1,16206,0.6754437509,327657895.8
,05/04/2026,3.270288886,2260992933,159951,0.4232140863,5342433075,,05/04/2026,1.498738229,970043081.8,55874,0.6987710674,1388213003,,05/04/2026,0.4452519896,557814656,19560,1.687694575,330518723.1
,05/05/2026,3.357571682,1803970638,157734,0.3379867381,5337400656,,05/05/2026,1.508231451,575051568.3,50670,0.4142256979,1388256622,,05/05/2026,0.468786967,386555827.4,19223,1.156751617,334173578.6
,05/06/2026,3.466274063,2160591417,168134,0.4026908155,5365385388,,05/06/2026,1.568367366,725705026.1,56224,0.508206905,1427971598,,05/06/2026,0.4622244541,466649653.4,21603,1.372747542,339938436.7
,05/07/2026,3.437991288,2320266632,176122,0.4426865365,5241330920,,05/07/2026,1.512950189,630183282.2,52492,0.4384983129,1437139582,,05/07/2026,0.446632559,398878658.3,21129,1.162575421,343099166.9
,05/08/2026,3.698888226,2545997920,172812,0.4871037458,5226808339,,05/08/2026,1.55927302,496272482.3,50436,0.3453775304,1436898578,,05/08/2026,0.4527869372,353020622.1,19337,1.019698915,346200841.1
,05/09/2026,3.794929542,1541725145,155843,0.2867445692,5376649849,,05/09/2026,1.553688467,421757390,49194,0.2866965709,1471093249,,05/09/2026,0.5019866581,252647917.4,20575,0.7342593634,344085387.3
,05/10/2026,3.998767857,1496016068,149790,0.2809386583,5325063047,,05/10/2026,1.620076938,510388870.1,53014,0.3399721157,1501266858,,05/10/2026,0.5304309847,60635486.33,7915,0.1749926981,346502951.2
,05/11/2026,3.9,,,,,,05/11/2026,1.57,,,,,,05/11/2026,0.526118,,,,